"","subject","trial","time","pupil","x","y","blink","message","acc","block","rt","item","script","alt"
"1","11c.edf",4,0,4045,960.200012207031,548,0,"MODERECORDCRL",0,0,1781,"seivep.png","print","nwtl"
"2","11c.edf",4,4,4045,960.599975585938,545.400024414062,0,NA,0,0,1781,"seivep.png","print","nwtl"
"3","11c.edf",4,8,4042,962.099975585938,541.099975585938,0,NA,0,0,1781,"seivep.png","print","nwtl"
"4","11c.edf",4,12,4043,961.400024414062,542.200012207031,0,NA,0,0,1781,"seivep.png","print","nwtl"
"5","11c.edf",4,16,4052,959.700012207031,547.299987792969,0,NA,0,0,1781,"seivep.png","print","nwtl"
"6","11c.edf",4,20,4055,957.400024414062,548.400024414062,0,NA,0,0,1781,"seivep.png","print","nwtl"
"7","11c.edf",4,24,4057,959.299987792969,547.400024414062,0,NA,0,0,1781,"seivep.png","print","nwtl"
"8","11c.edf",4,28,4061,960.799987792969,547,0,NA,0,0,1781,"seivep.png","print","nwtl"
"9","11c.edf",4,32,4072,959.900024414062,545,0,NA,0,0,1781,"seivep.png","print","nwtl"
"10","11c.edf",4,36,4071,957.099975585938,542.299987792969,0,NA,0,0,1781,"seivep.png","print","nwtl"
"11","11c.edf",4,40,4069,959.799987792969,543.5,0,NA,0,0,1781,"seivep.png","print","nwtl"
"12","11c.edf",4,44,4070,961.200012207031,547.299987792969,0,NA,0,0,1781,"seivep.png","print","nwtl"
"13","11c.edf",4,48,4070,957.700012207031,550.099975585938,0,NA,0,0,1781,"seivep.png","print","nwtl"
"14","11c.edf",4,52,4073,956.700012207031,548.900024414062,0,NA,0,0,1781,"seivep.png","print","nwtl"
"15","11c.edf",4,56,4076,959.400024414062,549.700012207031,0,NA,0,0,1781,"seivep.png","print","nwtl"
"16","11c.edf",4,60,4079,957.799987792969,551.299987792969,0,NA,0,0,1781,"seivep.png","print","nwtl"
"17","11c.edf",4,64,4077,955.200012207031,546.200012207031,0,"fixationbaseline",0,0,1781,"seivep.png","print","nwtl"
"18","11c.edf",4,68,4078,956.299987792969,545,0,NA,0,0,1781,"seivep.png","print","nwtl"
"19","11c.edf",4,72,4079,956.799987792969,544.599975585938,0,NA,0,0,1781,"seivep.png","print","nwtl"
"20","11c.edf",4,76,4084,956.200012207031,545.900024414062,0,NA,0,0,1781,"seivep.png","print","nwtl"
"21","11c.edf",4,80,4085,955.599975585938,546.900024414062,0,NA,0,0,1781,"seivep.png","print","nwtl"
"22","11c.edf",4,84,4083,957.599975585938,546.5,0,NA,0,0,1781,"seivep.png","print","nwtl"
"23","11c.edf",4,88,4082,957.200012207031,544.299987792969,0,NA,0,0,1781,"seivep.png","print","nwtl"
"24","11c.edf",4,92,4086,956.900024414062,544.700012207031,0,NA,0,0,1781,"seivep.png","print","nwtl"
"25","11c.edf",4,96,4088,953.900024414062,545.900024414062,0,NA,0,0,1781,"seivep.png","print","nwtl"
"26","11c.edf",4,100,4091,953.200012207031,548.400024414062,0,NA,0,0,1781,"seivep.png","print","nwtl"
"27","11c.edf",4,104,4097,954.700012207031,548.700012207031,0,NA,0,0,1781,"seivep.png","print","nwtl"
"28","11c.edf",4,108,4099,956.799987792969,547.400024414062,0,NA,0,0,1781,"seivep.png","print","nwtl"
"29","11c.edf",4,112,4094,958.700012207031,548.200012207031,0,NA,0,0,1781,"seivep.png","print","nwtl"
"30","11c.edf",4,116,4097,959.599975585938,549.400024414062,0,NA,0,0,1781,"seivep.png","print","nwtl"
"31","11c.edf",4,120,4096,958.400024414062,548.400024414062,0,NA,0,0,1781,"seivep.png","print","nwtl"
"32","11c.edf",4,124,4096,958.200012207031,548.5,0,NA,0,0,1781,"seivep.png","print","nwtl"
"33","11c.edf",4,128,4096,958,548.900024414062,0,NA,0,0,1781,"seivep.png","print","nwtl"
"34","11c.edf",4,132,4096,958.400024414062,549.799987792969,0,NA,0,0,1781,"seivep.png","print","nwtl"
"35","11c.edf",4,136,4095,958.799987792969,549.200012207031,0,NA,0,0,1781,"seivep.png","print","nwtl"
"36","11c.edf",4,140,4098,958.700012207031,549.299987792969,0,NA,0,0,1781,"seivep.png","print","nwtl"
"37","11c.edf",4,144,4095,958.200012207031,549.299987792969,0,NA,0,0,1781,"seivep.png","print","nwtl"
"38","11c.edf",4,148,4093,958.700012207031,547.400024414062,0,NA,0,0,1781,"seivep.png","print","nwtl"
"39","11c.edf",4,152,4096,957.700012207031,546.599975585938,0,NA,0,0,1781,"seivep.png","print","nwtl"
"40","11c.edf",4,156,4099,957.099975585938,547.200012207031,0,NA,0,0,1781,"seivep.png","print","nwtl"
"41","11c.edf",4,160,4096,956.5,547.900024414062,0,NA,0,0,1781,"seivep.png","print","nwtl"
"42","11c.edf",4,164,4099,956,548.700012207031,0,NA,0,0,1781,"seivep.png","print","nwtl"
"43","11c.edf",4,168,4105,955.799987792969,552,0,NA,0,0,1781,"seivep.png","print","nwtl"
"44","11c.edf",4,172,4106,955.099975585938,554.299987792969,0,NA,0,0,1781,"seivep.png","print","nwtl"
"45","11c.edf",4,176,4097,954.099975585938,555.099975585938,0,NA,0,0,1781,"seivep.png","print","nwtl"
"46","11c.edf",4,180,4099,956.299987792969,552.799987792969,0,NA,0,0,1781,"seivep.png","print","nwtl"
"47","11c.edf",4,184,4102,959.299987792969,550.200012207031,0,NA,0,0,1781,"seivep.png","print","nwtl"
"48","11c.edf",4,188,4104,959.799987792969,550.299987792969,0,NA,0,0,1781,"seivep.png","print","nwtl"
"49","11c.edf",4,192,4104,957.700012207031,549.099975585938,0,NA,0,0,1781,"seivep.png","print","nwtl"
"50","11c.edf",4,196,4102,955.099975585938,547.700012207031,0,NA,0,0,1781,"seivep.png","print","nwtl"
"51","11c.edf",4,200,4101,953.799987792969,547.599975585938,0,NA,0,0,1781,"seivep.png","print","nwtl"
"52","11c.edf",4,204,4099,954.5,549.700012207031,0,NA,0,0,1781,"seivep.png","print","nwtl"
"53","11c.edf",4,208,4098,956.799987792969,549.400024414062,0,NA,0,0,1781,"seivep.png","print","nwtl"
"54","11c.edf",4,212,4097,956.599975585938,548.099975585938,0,"target",0,0,1781,"seivep.png","print","nwtl"
"55","11c.edf",4,216,4094,957.200012207031,548.700012207031,0,NA,0,0,1781,"seivep.png","print","nwtl"
"56","11c.edf",4,220,4095,956.599975585938,548.900024414062,0,NA,0,0,1781,"seivep.png","print","nwtl"
"57","11c.edf",4,224,4095,954.900024414062,551.799987792969,0,NA,0,0,1781,"seivep.png","print","nwtl"
"58","11c.edf",4,228,4091,954.900024414062,552.700012207031,0,NA,0,0,1781,"seivep.png","print","nwtl"
"59","11c.edf",4,232,4089,954.400024414062,553.900024414062,0,NA,0,0,1781,"seivep.png","print","nwtl"
"60","11c.edf",4,236,4087,953.099975585938,552.200012207031,0,NA,0,0,1781,"seivep.png","print","nwtl"
"61","11c.edf",4,240,4089,954.799987792969,553.799987792969,0,NA,0,0,1781,"seivep.png","print","nwtl"
"62","11c.edf",4,244,4085,956,554.099975585938,0,NA,0,0,1781,"seivep.png","print","nwtl"
"63","11c.edf",4,248,4088,957.400024414062,554.799987792969,0,NA,0,0,1781,"seivep.png","print","nwtl"
"64","11c.edf",4,252,4088,957.5,552.599975585938,0,NA,0,0,1781,"seivep.png","print","nwtl"
"65","11c.edf",4,256,4085,956.200012207031,551.400024414062,0,NA,0,0,1781,"seivep.png","print","nwtl"
"66","11c.edf",4,260,4093,956.900024414062,553,0,NA,0,0,1781,"seivep.png","print","nwtl"
"67","11c.edf",4,264,4087,956.400024414062,553.599975585938,0,NA,0,0,1781,"seivep.png","print","nwtl"
"68","11c.edf",4,268,4078,955.299987792969,552.700012207031,0,NA,0,0,1781,"seivep.png","print","nwtl"
"69","11c.edf",4,272,4073,956.099975585938,551.299987792969,0,NA,0,0,1781,"seivep.png","print","nwtl"
"70","11c.edf",4,276,4079,957.400024414062,551.099975585938,0,NA,0,0,1781,"seivep.png","print","nwtl"
"71","11c.edf",4,280,4075,956.900024414062,552.299987792969,0,NA,0,0,1781,"seivep.png","print","nwtl"
"72","11c.edf",4,284,4073,955,553.299987792969,0,NA,0,0,1781,"seivep.png","print","nwtl"
"73","11c.edf",4,288,4071,954.799987792969,554.5,0,NA,0,0,1781,"seivep.png","print","nwtl"
"74","11c.edf",4,292,4071,955.299987792969,554.299987792969,0,NA,0,0,1781,"seivep.png","print","nwtl"
"75","11c.edf",4,296,4072,955,553,0,NA,0,0,1781,"seivep.png","print","nwtl"
"76","11c.edf",4,300,4069,955.400024414062,554.299987792969,0,NA,0,0,1781,"seivep.png","print","nwtl"
"77","11c.edf",4,304,4065,956,553.700012207031,0,NA,0,0,1781,"seivep.png","print","nwtl"
"78","11c.edf",4,308,4063,956.700012207031,553.200012207031,0,NA,0,0,1781,"seivep.png","print","nwtl"
"79","11c.edf",4,312,4059,956.200012207031,552.200012207031,0,NA,0,0,1781,"seivep.png","print","nwtl"
"80","11c.edf",4,316,4058,955.5,550.5,0,NA,0,0,1781,"seivep.png","print","nwtl"
"81","11c.edf",4,320,4059,954.200012207031,550.700012207031,0,NA,0,0,1781,"seivep.png","print","nwtl"
"82","11c.edf",4,324,4057,953.700012207031,552,0,NA,0,0,1781,"seivep.png","print","nwtl"
"83","11c.edf",4,328,4056,953.5,555.299987792969,0,NA,0,0,1781,"seivep.png","print","nwtl"
"84","11c.edf",4,332,4054,954.200012207031,556.700012207031,0,NA,0,0,1781,"seivep.png","print","nwtl"
"85","11c.edf",4,336,4045,955.299987792969,557.900024414062,0,NA,0,0,1781,"seivep.png","print","nwtl"
"86","11c.edf",4,340,4054,958.099975585938,556.299987792969,0,NA,0,0,1781,"seivep.png","print","nwtl"
"87","11c.edf",4,344,4047,968.700012207031,552.299987792969,0,NA,0,0,1781,"seivep.png","print","nwtl"
"88","11c.edf",4,348,4044,988.700012207031,551.200012207031,0,NA,0,0,1781,"seivep.png","print","nwtl"
"89","11c.edf",4,352,4043,993.200012207031,553.299987792969,0,NA,0,0,1781,"seivep.png","print","nwtl"
"90","11c.edf",4,356,4038,986,549.099975585938,0,NA,0,0,1781,"seivep.png","print","nwtl"
"91","11c.edf",4,360,4029,979.900024414062,546.099975585938,0,NA,0,0,1781,"seivep.png","print","nwtl"
"92","11c.edf",4,364,4031,980,550.299987792969,0,NA,0,0,1781,"seivep.png","print","nwtl"
"93","11c.edf",4,368,4028,979.799987792969,550.400024414062,0,NA,0,0,1781,"seivep.png","print","nwtl"
"94","11c.edf",4,372,4032,980.299987792969,551.200012207031,0,NA,0,0,1781,"seivep.png","print","nwtl"
"95","11c.edf",4,376,4024,981.900024414062,549.599975585938,0,NA,0,0,1781,"seivep.png","print","nwtl"
"96","11c.edf",4,380,4020,980.700012207031,550,0,NA,0,0,1781,"seivep.png","print","nwtl"
"97","11c.edf",4,384,4021,981.400024414062,551.200012207031,0,NA,0,0,1781,"seivep.png","print","nwtl"
"98","11c.edf",4,388,4024,981.299987792969,551.900024414062,0,NA,0,0,1781,"seivep.png","print","nwtl"
"99","11c.edf",4,392,4020,981.900024414062,553.5,0,NA,0,0,1781,"seivep.png","print","nwtl"
"100","11c.edf",4,396,4012,980.599975585938,552.599975585938,0,NA,0,0,1781,"seivep.png","print","nwtl"
"101","11c.edf",4,400,4008,978.900024414062,553.5,0,NA,0,0,1781,"seivep.png","print","nwtl"
"102","11c.edf",4,404,4014,979.5,554.900024414062,0,NA,0,0,1781,"seivep.png","print","nwtl"
"103","11c.edf",4,408,4009,980.099975585938,553.400024414062,0,NA,0,0,1781,"seivep.png","print","nwtl"
"104","11c.edf",4,412,4006,981.400024414062,551.799987792969,0,NA,0,0,1781,"seivep.png","print","nwtl"
"105","11c.edf",4,416,4008,982.299987792969,553.900024414062,0,NA,0,0,1781,"seivep.png","print","nwtl"
"106","11c.edf",4,420,4007,981.299987792969,554,0,NA,0,0,1781,"seivep.png","print","nwtl"
"107","11c.edf",4,424,4004,979.099975585938,552.099975585938,0,NA,0,0,1781,"seivep.png","print","nwtl"
"108","11c.edf",4,428,4001,978.799987792969,550.099975585938,0,NA,0,0,1781,"seivep.png","print","nwtl"
"109","11c.edf",4,432,4001,980.700012207031,551.200012207031,0,NA,0,0,1781,"seivep.png","print","nwtl"
"110","11c.edf",4,436,3996,982.700012207031,553.799987792969,0,NA,0,0,1781,"seivep.png","print","nwtl"
"111","11c.edf",4,440,3997,981.099975585938,553.799987792969,0,NA,0,0,1781,"seivep.png","print","nwtl"
"112","11c.edf",4,444,3993,979.200012207031,553.200012207031,0,NA,0,0,1781,"seivep.png","print","nwtl"
"113","11c.edf",4,448,3986,979.700012207031,552.799987792969,0,NA,0,0,1781,"seivep.png","print","nwtl"
"114","11c.edf",4,452,3986,981.900024414062,552.900024414062,0,NA,0,0,1781,"seivep.png","print","nwtl"
"115","11c.edf",4,456,3986,981.900024414062,554.200012207031,0,NA,0,0,1781,"seivep.png","print","nwtl"
"116","11c.edf",4,460,3979,979.599975585938,555.599975585938,0,NA,0,0,1781,"seivep.png","print","nwtl"
"117","11c.edf",4,464,3979,978.299987792969,555.900024414062,0,NA,0,0,1781,"seivep.png","print","nwtl"
"118","11c.edf",4,468,3980,979.5,555.700012207031,0,NA,0,0,1781,"seivep.png","print","nwtl"
"119","11c.edf",4,472,3977,979.599975585938,556.099975585938,0,NA,0,0,1781,"seivep.png","print","nwtl"
"120","11c.edf",4,476,3977,980.599975585938,557.299987792969,0,NA,0,0,1781,"seivep.png","print","nwtl"
"121","11c.edf",4,480,3977,980.099975585938,556.700012207031,0,NA,0,0,1781,"seivep.png","print","nwtl"
"122","11c.edf",4,484,3971,979.200012207031,556.599975585938,0,NA,0,0,1781,"seivep.png","print","nwtl"
"123","11c.edf",4,488,3974,978.700012207031,556,0,NA,0,0,1781,"seivep.png","print","nwtl"
"124","11c.edf",4,492,3977,978.099975585938,556.099975585938,0,NA,0,0,1781,"seivep.png","print","nwtl"
"125","11c.edf",4,496,3969,977.400024414062,555.400024414062,0,NA,0,0,1781,"seivep.png","print","nwtl"
"126","11c.edf",4,500,3963,978.099975585938,555.200012207031,0,NA,0,0,1781,"seivep.png","print","nwtl"
"127","11c.edf",4,504,3964,978.099975585938,555.5,0,NA,0,0,1781,"seivep.png","print","nwtl"
"128","11c.edf",4,508,3957,976.700012207031,555.5,0,NA,0,0,1781,"seivep.png","print","nwtl"
"129","11c.edf",4,512,3951,976.400024414062,556.599975585938,0,NA,0,0,1781,"seivep.png","print","nwtl"
"130","11c.edf",4,516,3951,977.599975585938,557.299987792969,0,NA,0,0,1781,"seivep.png","print","nwtl"
"131","11c.edf",4,520,3953,977.5,557.5,0,NA,0,0,1781,"seivep.png","print","nwtl"
"132","11c.edf",4,524,3949,977,558.299987792969,0,NA,0,0,1781,"seivep.png","print","nwtl"
"133","11c.edf",4,528,3944,977.200012207031,560.900024414062,0,NA,0,0,1781,"seivep.png","print","nwtl"
"134","11c.edf",4,532,3942,978.400024414062,562.799987792969,0,NA,0,0,1781,"seivep.png","print","nwtl"
"135","11c.edf",4,536,3941,978.900024414062,564.400024414062,0,NA,0,0,1781,"seivep.png","print","nwtl"
"136","11c.edf",4,540,3936,979.200012207031,560.200012207031,0,NA,0,0,1781,"seivep.png","print","nwtl"
"137","11c.edf",4,544,3931,981,560.599975585938,0,NA,0,0,1781,"seivep.png","print","nwtl"
"138","11c.edf",4,548,3928,982.200012207031,561.400024414062,0,NA,0,0,1781,"seivep.png","print","nwtl"
"139","11c.edf",4,552,3927,979.700012207031,559.599975585938,0,NA,0,0,1781,"seivep.png","print","nwtl"
"140","11c.edf",4,556,3928,980.200012207031,558.700012207031,0,NA,0,0,1781,"seivep.png","print","nwtl"
"141","11c.edf",4,560,3927,979.200012207031,560,0,NA,0,0,1781,"seivep.png","print","nwtl"
"142","11c.edf",4,564,3928,978.5,560.299987792969,0,NA,0,0,1781,"seivep.png","print","nwtl"
"143","11c.edf",4,568,3928,981.200012207031,560,0,NA,0,0,1781,"seivep.png","print","nwtl"
"144","11c.edf",4,572,3924,983.099975585938,559,0,NA,0,0,1781,"seivep.png","print","nwtl"
"145","11c.edf",4,576,3914,982.799987792969,556.799987792969,0,NA,0,0,1781,"seivep.png","print","nwtl"
"146","11c.edf",4,580,3918,982.599975585938,558.900024414062,0,NA,0,0,1781,"seivep.png","print","nwtl"
"147","11c.edf",4,584,3916,980.299987792969,559.299987792969,0,NA,0,0,1781,"seivep.png","print","nwtl"
"148","11c.edf",4,588,3918,979,558.700012207031,0,NA,0,0,1781,"seivep.png","print","nwtl"
"149","11c.edf",4,592,3915,981.700012207031,558.299987792969,0,NA,0,0,1781,"seivep.png","print","nwtl"
"150","11c.edf",4,596,3911,984.299987792969,559.900024414062,0,NA,0,0,1781,"seivep.png","print","nwtl"
"151","11c.edf",4,600,3904,983.400024414062,559.799987792969,0,NA,0,0,1781,"seivep.png","print","nwtl"
"152","11c.edf",4,604,3904,982,560.599975585938,0,NA,0,0,1781,"seivep.png","print","nwtl"
"153","11c.edf",4,608,3906,981.099975585938,559.700012207031,0,NA,0,0,1781,"seivep.png","print","nwtl"
"154","11c.edf",4,612,3906,980.200012207031,558.700012207031,0,NA,0,0,1781,"seivep.png","print","nwtl"
"155","11c.edf",4,616,3912,980,559.900024414062,0,NA,0,0,1781,"seivep.png","print","nwtl"
"156","11c.edf",4,620,3907,980.099975585938,559.599975585938,0,NA,0,0,1781,"seivep.png","print","nwtl"
"157","11c.edf",4,624,3907,980.700012207031,557.5,0,NA,0,0,1781,"seivep.png","print","nwtl"
"158","11c.edf",4,628,3905,981.200012207031,557.299987792969,0,NA,0,0,1781,"seivep.png","print","nwtl"
"159","11c.edf",4,632,3906,983.099975585938,558,0,NA,0,0,1781,"seivep.png","print","nwtl"
"160","11c.edf",4,636,3905,986.099975585938,560.299987792969,0,NA,0,0,1781,"seivep.png","print","nwtl"
"161","11c.edf",4,640,3897,986.299987792969,561.700012207031,0,NA,0,0,1781,"seivep.png","print","nwtl"
"162","11c.edf",4,644,3893,986.400024414062,563.5,0,NA,0,0,1781,"seivep.png","print","nwtl"
"163","11c.edf",4,648,3895,986.700012207031,562.599975585938,0,NA,0,0,1781,"seivep.png","print","nwtl"
"164","11c.edf",4,652,3892,985.900024414062,561.599975585938,0,NA,0,0,1781,"seivep.png","print","nwtl"
"165","11c.edf",4,656,3887,985.099975585938,561.799987792969,0,NA,0,0,1781,"seivep.png","print","nwtl"
"166","11c.edf",4,660,3883,984.299987792969,561.099975585938,0,NA,0,0,1781,"seivep.png","print","nwtl"
"167","11c.edf",4,664,3884,984.200012207031,560.799987792969,0,NA,0,0,1781,"seivep.png","print","nwtl"
"168","11c.edf",4,668,3882,984,562.5,0,NA,0,0,1781,"seivep.png","print","nwtl"
"169","11c.edf",4,672,3884,984,562.799987792969,0,NA,0,0,1781,"seivep.png","print","nwtl"
"170","11c.edf",4,676,3882,982.599975585938,560.900024414062,0,NA,0,0,1781,"seivep.png","print","nwtl"
"171","11c.edf",4,680,3880,982.099975585938,559.700012207031,0,NA,0,0,1781,"seivep.png","print","nwtl"
"172","11c.edf",4,684,3884,981.900024414062,561.5,0,NA,0,0,1781,"seivep.png","print","nwtl"
"173","11c.edf",4,688,3885,982.099975585938,560.5,0,NA,0,0,1781,"seivep.png","print","nwtl"
"174","11c.edf",4,692,3881,982.299987792969,559.900024414062,0,NA,0,0,1781,"seivep.png","print","nwtl"
"175","11c.edf",4,696,3879,982.099975585938,560.400024414062,0,NA,0,0,1781,"seivep.png","print","nwtl"
"176","11c.edf",4,700,3881,982.200012207031,559.700012207031,0,NA,0,0,1781,"seivep.png","print","nwtl"
"177","11c.edf",4,704,3882,982.400024414062,559.599975585938,0,NA,0,0,1781,"seivep.png","print","nwtl"
"178","11c.edf",4,708,3885,983,560.299987792969,0,NA,0,0,1781,"seivep.png","print","nwtl"
"179","11c.edf",4,712,3885,982.900024414062,559.700012207031,0,NA,0,0,1781,"seivep.png","print","nwtl"
"180","11c.edf",4,716,3884,982.299987792969,560.5,0,NA,0,0,1781,"seivep.png","print","nwtl"
"181","11c.edf",4,720,3881,982.599975585938,560.299987792969,0,NA,0,0,1781,"seivep.png","print","nwtl"
"182","11c.edf",4,724,3871,979.5,559.900024414062,0,NA,0,0,1781,"seivep.png","print","nwtl"
"183","11c.edf",4,728,3871,979.900024414062,558.400024414062,0,NA,0,0,1781,"seivep.png","print","nwtl"
"184","11c.edf",4,732,3872,979.5,557.900024414062,0,NA,0,0,1781,"seivep.png","print","nwtl"
"185","11c.edf",4,736,3873,979.599975585938,559.900024414062,0,NA,0,0,1781,"seivep.png","print","nwtl"
"186","11c.edf",4,740,3876,980.099975585938,559.400024414062,0,NA,0,0,1781,"seivep.png","print","nwtl"
"187","11c.edf",4,744,3872,981.700012207031,560.099975585938,0,NA,0,0,1781,"seivep.png","print","nwtl"
"188","11c.edf",4,748,3871,985.900024414062,561.200012207031,0,NA,0,0,1781,"seivep.png","print","nwtl"
"189","11c.edf",4,752,3865,995.299987792969,561.900024414062,0,NA,0,0,1781,"seivep.png","print","nwtl"
"190","11c.edf",4,756,3866,1016.40002441406,566.900024414062,0,NA,0,0,1781,"seivep.png","print","nwtl"
"191","11c.edf",4,760,3863,1030,571.599975585938,0,NA,0,0,1781,"seivep.png","print","nwtl"
"192","11c.edf",4,764,3865,1029.5,571,0,NA,0,0,1781,"seivep.png","print","nwtl"
"193","11c.edf",4,768,3864,1022.20001220703,568.099975585938,0,NA,0,0,1781,"seivep.png","print","nwtl"
"194","11c.edf",4,772,3862,1019.59997558594,566.599975585938,0,NA,0,0,1781,"seivep.png","print","nwtl"
"195","11c.edf",4,776,3864,1021.90002441406,566.299987792969,0,NA,0,0,1781,"seivep.png","print","nwtl"
"196","11c.edf",4,780,3858,1023.90002441406,566.299987792969,0,NA,0,0,1781,"seivep.png","print","nwtl"
"197","11c.edf",4,784,3859,1025,566,0,NA,0,0,1781,"seivep.png","print","nwtl"
"198","11c.edf",4,788,3858,1025.59997558594,562.900024414062,0,NA,0,0,1781,"seivep.png","print","nwtl"
"199","11c.edf",4,792,3855,1025.09997558594,559.799987792969,0,NA,0,0,1781,"seivep.png","print","nwtl"
"200","11c.edf",4,796,3850,1024.19995117188,559.799987792969,0,NA,0,0,1781,"seivep.png","print","nwtl"
"201","11c.edf",4,800,3851,1024.30004882812,559.799987792969,0,NA,0,0,1781,"seivep.png","print","nwtl"
"202","11c.edf",4,804,3850,1025.09997558594,563,0,NA,0,0,1781,"seivep.png","print","nwtl"
"203","11c.edf",4,808,3850,1024.90002441406,565.599975585938,0,NA,0,0,1781,"seivep.png","print","nwtl"
"204","11c.edf",4,812,3853,1021.79998779297,567.900024414062,0,NA,0,0,1781,"seivep.png","print","nwtl"
"205","11c.edf",4,816,3848,1019.5,566.900024414062,0,NA,0,0,1781,"seivep.png","print","nwtl"
"206","11c.edf",4,820,3847,1018.20001220703,565.400024414062,0,NA,0,0,1781,"seivep.png","print","nwtl"
"207","11c.edf",4,824,3844,1017.90002441406,563.599975585938,0,NA,0,0,1781,"seivep.png","print","nwtl"
"208","11c.edf",4,828,3844,1017.5,565.200012207031,0,NA,0,0,1781,"seivep.png","print","nwtl"
"209","11c.edf",4,832,3843,1017.59997558594,562.099975585938,0,NA,0,0,1781,"seivep.png","print","nwtl"
"210","11c.edf",4,836,3838,1017.79998779297,559.400024414062,0,NA,0,0,1781,"seivep.png","print","nwtl"
"211","11c.edf",4,840,3839,1019.20001220703,560.299987792969,0,NA,0,0,1781,"seivep.png","print","nwtl"
"212","11c.edf",4,844,3836,1020.59997558594,561,0,NA,0,0,1781,"seivep.png","print","nwtl"
"213","11c.edf",4,848,3838,1021.79998779297,563.200012207031,0,NA,0,0,1781,"seivep.png","print","nwtl"
"214","11c.edf",4,852,3843,1021.90002441406,565.299987792969,0,NA,0,0,1781,"seivep.png","print","nwtl"
"215","11c.edf",4,856,3842,1018.40002441406,567,0,NA,0,0,1781,"seivep.png","print","nwtl"
"216","11c.edf",4,860,3839,1016.70001220703,567.900024414062,0,NA,0,0,1781,"seivep.png","print","nwtl"
"217","11c.edf",4,864,3834,1016.5,566.400024414062,0,NA,0,0,1781,"seivep.png","print","nwtl"
"218","11c.edf",4,868,3834,1016.90002441406,565.400024414062,0,NA,0,0,1781,"seivep.png","print","nwtl"
"219","11c.edf",4,872,3833,1015.40002441406,561.700012207031,0,NA,0,0,1781,"seivep.png","print","nwtl"
"220","11c.edf",4,876,3833,1014,562.900024414062,0,NA,0,0,1781,"seivep.png","print","nwtl"
"221","11c.edf",4,880,3832,1014.20001220703,563.700012207031,0,NA,0,0,1781,"seivep.png","print","nwtl"
"222","11c.edf",4,884,3826,1014.40002441406,564.700012207031,0,NA,0,0,1781,"seivep.png","print","nwtl"
"223","11c.edf",4,888,3821,1013.5,566.099975585938,0,NA,0,0,1781,"seivep.png","print","nwtl"
"224","11c.edf",4,892,3824,1014.90002441406,567.200012207031,0,NA,0,0,1781,"seivep.png","print","nwtl"
"225","11c.edf",4,896,3812,1015.5,567.900024414062,0,NA,0,0,1781,"seivep.png","print","nwtl"
"226","11c.edf",4,900,3812,1014.79998779297,566.700012207031,0,NA,0,0,1781,"seivep.png","print","nwtl"
"227","11c.edf",4,904,3820,1014.70001220703,560.700012207031,0,NA,0,0,1781,"seivep.png","print","nwtl"
"228","11c.edf",4,908,3862,1014.70001220703,555,0,NA,0,0,1781,"seivep.png","print","nwtl"
"229","11c.edf",4,912,3907,1012.20001220703,548.400024414062,0,NA,0,0,1781,"seivep.png","print","nwtl"
"230","11c.edf",4,916,3878,1015.79998779297,542.099975585938,0,NA,0,0,1781,"seivep.png","print","nwtl"
"231","11c.edf",4,920,4083,1016.59997558594,485.899993896484,0,NA,0,0,1781,"seivep.png","print","nwtl"
"232","11c.edf",4,924,0,1e+08,1e+08,0,NA,0,0,1781,"seivep.png","print","nwtl"
"233","11c.edf",4,928,0,1e+08,1e+08,1,NA,0,0,1781,"seivep.png","print","nwtl"
"234","11c.edf",4,932,0,1e+08,1e+08,1,NA,0,0,1781,"seivep.png","print","nwtl"
"235","11c.edf",4,936,0,1e+08,1e+08,1,NA,0,0,1781,"seivep.png","print","nwtl"
"236","11c.edf",4,940,0,1e+08,1e+08,1,NA,0,0,1781,"seivep.png","print","nwtl"
"237","11c.edf",4,944,0,1e+08,1e+08,1,NA,0,0,1781,"seivep.png","print","nwtl"
"238","11c.edf",4,948,0,1e+08,1e+08,1,NA,0,0,1781,"seivep.png","print","nwtl"
"239","11c.edf",4,952,0,1e+08,1e+08,1,NA,0,0,1781,"seivep.png","print","nwtl"
"240","11c.edf",4,956,0,1e+08,1e+08,1,NA,0,0,1781,"seivep.png","print","nwtl"
"241","11c.edf",4,960,0,1e+08,1e+08,1,NA,0,0,1781,"seivep.png","print","nwtl"
"242","11c.edf",4,964,0,1e+08,1e+08,1,NA,0,0,1781,"seivep.png","print","nwtl"
"243","11c.edf",4,968,0,1e+08,1e+08,1,NA,0,0,1781,"seivep.png","print","nwtl"
"244","11c.edf",4,972,0,1e+08,1e+08,1,NA,0,0,1781,"seivep.png","print","nwtl"
"245","11c.edf",4,976,0,1e+08,1e+08,1,NA,0,0,1781,"seivep.png","print","nwtl"
"246","11c.edf",4,980,0,1e+08,1e+08,1,NA,0,0,1781,"seivep.png","print","nwtl"
"247","11c.edf",4,984,0,1e+08,1e+08,1,NA,0,0,1781,"seivep.png","print","nwtl"
"248","11c.edf",4,988,0,1e+08,1e+08,1,NA,0,0,1781,"seivep.png","print","nwtl"
"249","11c.edf",4,992,0,1e+08,1e+08,1,NA,0,0,1781,"seivep.png","print","nwtl"
"250","11c.edf",4,996,0,1e+08,1e+08,1,NA,0,0,1781,"seivep.png","print","nwtl"
"251","11c.edf",4,1000,0,1e+08,1e+08,1,NA,0,0,1781,"seivep.png","print","nwtl"
"252","11c.edf",4,1004,0,1e+08,1e+08,1,NA,0,0,1781,"seivep.png","print","nwtl"
"253","11c.edf",4,1008,0,1e+08,1e+08,1,NA,0,0,1781,"seivep.png","print","nwtl"
"254","11c.edf",4,1012,0,1e+08,1e+08,1,NA,0,0,1781,"seivep.png","print","nwtl"
"255","11c.edf",4,1016,0,1e+08,1e+08,1,NA,0,0,1781,"seivep.png","print","nwtl"
"256","11c.edf",4,1020,0,1e+08,1e+08,1,NA,0,0,1781,"seivep.png","print","nwtl"
"257","11c.edf",4,1024,0,1e+08,1e+08,1,NA,0,0,1781,"seivep.png","print","nwtl"
"258","11c.edf",4,1028,0,1e+08,1e+08,1,NA,0,0,1781,"seivep.png","print","nwtl"
"259","11c.edf",4,1032,0,1e+08,1e+08,1,NA,0,0,1781,"seivep.png","print","nwtl"
"260","11c.edf",4,1036,3210,813.5,592.400024414062,0,NA,0,0,1781,"seivep.png","print","nwtl"
"261","11c.edf",4,1040,3307,824.099975585938,571,0,NA,0,0,1781,"seivep.png","print","nwtl"
"262","11c.edf",4,1044,3981,927.5,452.200012207031,0,NA,0,0,1781,"seivep.png","print","nwtl"
"263","11c.edf",4,1048,4222,934,418.299987792969,0,NA,0,0,1781,"seivep.png","print","nwtl"
"264","11c.edf",4,1052,4156,856.799987792969,321.299987792969,0,NA,0,0,1781,"seivep.png","print","nwtl"
"265","11c.edf",4,1056,4079,799.5,190.199996948242,0,NA,0,0,1781,"seivep.png","print","nwtl"
"266","11c.edf",4,1060,4472,910.299987792969,391.399993896484,0,NA,0,0,1781,"seivep.png","print","nwtl"
"267","11c.edf",4,1064,4527,912.299987792969,410.299987792969,0,NA,0,0,1781,"seivep.png","print","nwtl"
"268","11c.edf",4,1068,4580,871.900024414062,358.700012207031,0,NA,0,0,1781,"seivep.png","print","nwtl"
"269","11c.edf",4,1072,4634,857.400024414062,333.399993896484,0,NA,0,0,1781,"seivep.png","print","nwtl"
"270","11c.edf",4,1076,4646,858.799987792969,311.299987792969,0,NA,0,0,1781,"seivep.png","print","nwtl"
"271","11c.edf",4,1080,4476,778.200012207031,74.8000030517578,0,NA,0,0,1781,"seivep.png","print","nwtl"
"272","11c.edf",4,1084,4427,795.900024414062,116.099998474121,0,NA,0,0,1781,"seivep.png","print","nwtl"
"273","11c.edf",4,1088,4016,928.799987792969,492,0,NA,0,0,1781,"seivep.png","print","nwtl"
"274","11c.edf",4,1092,3845,941.799987792969,548.700012207031,0,NA,0,0,1781,"seivep.png","print","nwtl"
"275","11c.edf",4,1096,3814,942.700012207031,550.5,0,NA,0,0,1781,"seivep.png","print","nwtl"
"276","11c.edf",4,1100,3805,942.900024414062,552.5,0,NA,0,0,1781,"seivep.png","print","nwtl"
"277","11c.edf",4,1104,3801,942.599975585938,552.400024414062,0,NA,0,0,1781,"seivep.png","print","nwtl"
"278","11c.edf",4,1108,3808,943.900024414062,556.200012207031,0,NA,0,0,1781,"seivep.png","print","nwtl"
"279","11c.edf",4,1112,3811,945.700012207031,557.200012207031,0,NA,0,0,1781,"seivep.png","print","nwtl"
"280","11c.edf",4,1116,3810,945.799987792969,554.400024414062,0,NA,0,0,1781,"seivep.png","print","nwtl"
"281","11c.edf",4,1120,3810,944.799987792969,554.099975585938,0,NA,0,0,1781,"seivep.png","print","nwtl"
"282","11c.edf",4,1124,3811,944.299987792969,558.299987792969,0,NA,0,0,1781,"seivep.png","print","nwtl"
"283","11c.edf",4,1128,3811,942.700012207031,558.099975585938,0,NA,0,0,1781,"seivep.png","print","nwtl"
"284","11c.edf",4,1132,3816,943.599975585938,557.900024414062,0,NA,0,0,1781,"seivep.png","print","nwtl"
"285","11c.edf",4,1136,3813,943.700012207031,556.700012207031,0,NA,0,0,1781,"seivep.png","print","nwtl"
"286","11c.edf",4,1140,3822,945.200012207031,558.099975585938,0,NA,0,0,1781,"seivep.png","print","nwtl"
"287","11c.edf",4,1144,3823,944.400024414062,555.900024414062,0,NA,0,0,1781,"seivep.png","print","nwtl"
"288","11c.edf",4,1148,3823,944.400024414062,555.400024414062,0,NA,0,0,1781,"seivep.png","print","nwtl"
"289","11c.edf",4,1152,3829,946.700012207031,555.099975585938,0,NA,0,0,1781,"seivep.png","print","nwtl"
"290","11c.edf",4,1156,3822,946.200012207031,555.900024414062,0,NA,0,0,1781,"seivep.png","print","nwtl"
"291","11c.edf",4,1160,3821,945.099975585938,556.299987792969,0,NA,0,0,1781,"seivep.png","print","nwtl"
"292","11c.edf",4,1164,3831,944.799987792969,555.900024414062,0,NA,0,0,1781,"seivep.png","print","nwtl"
"293","11c.edf",4,1168,3833,943.700012207031,557.099975585938,0,NA,0,0,1781,"seivep.png","print","nwtl"
"294","11c.edf",4,1172,3832,943.200012207031,556.400024414062,0,NA,0,0,1781,"seivep.png","print","nwtl"
"295","11c.edf",4,1176,3826,943.799987792969,555.799987792969,0,NA,0,0,1781,"seivep.png","print","nwtl"
"296","11c.edf",4,1180,3831,941.5,556.5,0,NA,0,0,1781,"seivep.png","print","nwtl"
"297","11c.edf",4,1184,3831,940.799987792969,556.599975585938,0,NA,0,0,1781,"seivep.png","print","nwtl"
"298","11c.edf",4,1188,3837,939.299987792969,556.799987792969,0,NA,0,0,1781,"seivep.png","print","nwtl"
"299","11c.edf",4,1192,3843,940.299987792969,557,0,"ELBUTTONinput",0,0,1781,"seivep.png","print","nwtl"
"300","11c.edf",4,1196,3839,939.700012207031,555.700012207031,0,NA,0,0,1781,"seivep.png","print","nwtl"
"301","11c.edf",4,1200,3840,942,555.900024414062,0,NA,0,0,1781,"seivep.png","print","nwtl"
"302","11c.edf",4,1204,3844,943.400024414062,554.200012207031,0,NA,0,0,1781,"seivep.png","print","nwtl"
"303","11c.edf",4,1208,3852,945.5,554.599975585938,0,NA,0,0,1781,"seivep.png","print","nwtl"
"304","11c.edf",4,1212,3857,945.700012207031,556.599975585938,0,NA,0,0,1781,"seivep.png","print","nwtl"
"305","11c.edf",4,1216,3863,946.299987792969,556.400024414062,0,NA,0,0,1781,"seivep.png","print","nwtl"
"306","11c.edf",4,1220,3863,945.200012207031,554.599975585938,0,NA,0,0,1781,"seivep.png","print","nwtl"
"307","11c.edf",4,1224,3861,944.400024414062,552.5,0,NA,0,0,1781,"seivep.png","print","nwtl"
"308","11c.edf",4,1228,3862,943.900024414062,551.099975585938,0,NA,0,0,1781,"seivep.png","print","nwtl"
"309","11c.edf",4,1232,3878,944,547.900024414062,0,NA,0,0,1781,"seivep.png","print","nwtl"
"310","11c.edf",4,1236,3877,944.900024414062,545.700012207031,0,NA,0,0,1781,"seivep.png","print","nwtl"
"311","11c.edf",4,1240,3876,943.700012207031,546.900024414062,0,NA,0,0,1781,"seivep.png","print","nwtl"
"312","11c.edf",4,1244,3880,942,549,0,NA,0,0,1781,"seivep.png","print","nwtl"
"313","11c.edf",4,1248,3882,941.400024414062,550.099975585938,0,NA,0,0,1781,"seivep.png","print","nwtl"
"314","11c.edf",4,1252,3882,941.5,549.400024414062,0,NA,0,0,1781,"seivep.png","print","nwtl"
"315","11c.edf",4,1256,3886,941.200012207031,550.099975585938,0,NA,0,0,1781,"seivep.png","print","nwtl"
"316","11c.edf",4,1260,3896,941.700012207031,547.5,0,NA,0,0,1781,"seivep.png","print","nwtl"
"317","11c.edf",4,1264,3922,942.400024414062,542.099975585938,0,NA,0,0,1781,"seivep.png","print","nwtl"
"318","11c.edf",4,1268,3947,895.700012207031,478.399993896484,0,NA,0,0,1781,"seivep.png","print","nwtl"
"319","11c.edf",4,1272,3963,871.900024414062,386.200012207031,0,NA,0,0,1781,"seivep.png","print","nwtl"
"320","11c.edf",4,1276,3943,870.700012207031,371.5,0,NA,0,0,1781,"seivep.png","print","nwtl"
"321","11c.edf",4,1280,4168,834.299987792969,127.099998474121,0,NA,0,0,1781,"seivep.png","print","nwtl"
"322","11c.edf",4,1284,4360,828.799987792969,12.6000003814697,0,NA,0,0,1781,"seivep.png","print","nwtl"
"323","11c.edf",4,1288,3869,817.799987792969,239.5,0,NA,0,0,1781,"seivep.png","print","nwtl"
"324","11c.edf",4,1292,4489,822.400024414062,-22.5,0,NA,0,0,1781,"seivep.png","print","nwtl"
"325","11c.edf",4,1296,4468,833.799987792969,-30.7999992370605,0,NA,0,0,1781,"seivep.png","print","nwtl"
"326","11c.edf",4,1300,4195,838.599975585938,114.199996948242,0,NA,0,0,1781,"seivep.png","print","nwtl"
"327","11c.edf",4,1304,4397,830.799987792969,10.1999998092651,0,NA,0,0,1781,"seivep.png","print","nwtl"
"328","11c.edf",4,1308,4352,825.599975585938,33.2000007629395,0,NA,0,0,1781,"seivep.png","print","nwtl"
"329","11c.edf",4,1312,4346,840.099975585938,61.9000015258789,0,NA,0,0,1781,"seivep.png","print","nwtl"
"330","11c.edf",4,1316,0,1e+08,1e+08,0,NA,0,0,1781,"seivep.png","print","nwtl"
"331","11c.edf",4,1320,0,1e+08,1e+08,1,NA,0,0,1781,"seivep.png","print","nwtl"
"332","11c.edf",4,1324,0,1e+08,1e+08,1,NA,0,0,1781,"seivep.png","print","nwtl"
"333","11c.edf",4,1328,0,1e+08,1e+08,1,NA,0,0,1781,"seivep.png","print","nwtl"
"334","11c.edf",4,1332,0,1e+08,1e+08,1,NA,0,0,1781,"seivep.png","print","nwtl"
"335","11c.edf",4,1336,0,1e+08,1e+08,1,NA,0,0,1781,"seivep.png","print","nwtl"
"336","11c.edf",4,1340,0,1e+08,1e+08,1,NA,0,0,1781,"seivep.png","print","nwtl"
"337","11c.edf",4,1344,0,1e+08,1e+08,1,NA,0,0,1781,"seivep.png","print","nwtl"
"338","11c.edf",4,1348,0,1e+08,1e+08,1,NA,0,0,1781,"seivep.png","print","nwtl"
"339","11c.edf",4,1352,0,1e+08,1e+08,1,NA,0,0,1781,"seivep.png","print","nwtl"
"340","11c.edf",4,1356,0,1e+08,1e+08,1,NA,0,0,1781,"seivep.png","print","nwtl"
"341","11c.edf",4,1360,0,1e+08,1e+08,1,NA,0,0,1781,"seivep.png","print","nwtl"
"342","11c.edf",4,1364,0,1e+08,1e+08,1,NA,0,0,1781,"seivep.png","print","nwtl"
"343","11c.edf",4,1368,0,1e+08,1e+08,1,NA,0,0,1781,"seivep.png","print","nwtl"
"344","11c.edf",4,1372,0,1e+08,1e+08,1,NA,0,0,1781,"seivep.png","print","nwtl"
"345","11c.edf",4,1376,0,1e+08,1e+08,1,NA,0,0,1781,"seivep.png","print","nwtl"
"346","11c.edf",4,1380,0,1e+08,1e+08,1,NA,0,0,1781,"seivep.png","print","nwtl"
"347","11c.edf",4,1384,0,1e+08,1e+08,1,NA,0,0,1781,"seivep.png","print","nwtl"
"348","11c.edf",4,1388,0,1e+08,1e+08,1,NA,0,0,1781,"seivep.png","print","nwtl"
"349","11c.edf",4,1392,0,1e+08,1e+08,1,NA,0,0,1781,"seivep.png","print","nwtl"
"350","11c.edf",4,1396,0,1e+08,1e+08,1,NA,0,0,1781,"seivep.png","print","nwtl"
"351","11c.edf",4,1400,0,1e+08,1e+08,1,NA,0,0,1781,"seivep.png","print","nwtl"
"352","11c.edf",4,1404,0,1e+08,1e+08,1,NA,0,0,1781,"seivep.png","print","nwtl"
"353","11c.edf",4,1408,0,1e+08,1e+08,1,NA,0,0,1781,"seivep.png","print","nwtl"
"354","11c.edf",4,1412,0,1e+08,1e+08,1,NA,0,0,1781,"seivep.png","print","nwtl"
"355","11c.edf",4,1416,0,1e+08,1e+08,1,NA,0,0,1781,"seivep.png","print","nwtl"
"356","11c.edf",4,1420,0,1e+08,1e+08,1,NA,0,0,1781,"seivep.png","print","nwtl"
"357","11c.edf",4,1424,0,1e+08,1e+08,1,NA,0,0,1781,"seivep.png","print","nwtl"
"358","11c.edf",4,1428,0,1e+08,1e+08,1,NA,0,0,1781,"seivep.png","print","nwtl"
"359","11c.edf",4,1432,0,1e+08,1e+08,1,NA,0,0,1781,"seivep.png","print","nwtl"
"360","11c.edf",4,1436,0,1e+08,1e+08,1,NA,0,0,1781,"seivep.png","print","nwtl"
"361","11c.edf",4,1440,0,1e+08,1e+08,1,NA,0,0,1781,"seivep.png","print","nwtl"
"362","11c.edf",4,1444,0,1e+08,1e+08,1,NA,0,0,1781,"seivep.png","print","nwtl"
"363","11c.edf",4,1448,0,1e+08,1e+08,1,NA,0,0,1781,"seivep.png","print","nwtl"
"364","11c.edf",4,1452,0,1e+08,1e+08,1,NA,0,0,1781,"seivep.png","print","nwtl"
"365","11c.edf",4,1456,0,1e+08,1e+08,1,NA,0,0,1781,"seivep.png","print","nwtl"
"366","11c.edf",4,1460,0,1e+08,1e+08,1,NA,0,0,1781,"seivep.png","print","nwtl"
"367","11c.edf",4,1464,0,1e+08,1e+08,1,NA,0,0,1781,"seivep.png","print","nwtl"
"368","11c.edf",4,1468,0,1e+08,1e+08,1,NA,0,0,1781,"seivep.png","print","nwtl"
"369","11c.edf",4,1472,0,1e+08,1e+08,1,NA,0,0,1781,"seivep.png","print","nwtl"
"370","11c.edf",4,1476,0,1e+08,1e+08,1,NA,0,0,1781,"seivep.png","print","nwtl"
"371","11c.edf",4,1480,0,1e+08,1e+08,1,NA,0,0,1781,"seivep.png","print","nwtl"
"372","11c.edf",4,1484,0,1e+08,1e+08,1,NA,0,0,1781,"seivep.png","print","nwtl"
"373","11c.edf",4,1488,0,1e+08,1e+08,1,NA,0,0,1781,"seivep.png","print","nwtl"
"374","11c.edf",4,1492,0,1e+08,1e+08,1,NA,0,0,1781,"seivep.png","print","nwtl"
"375","11c.edf",4,1496,0,1e+08,1e+08,1,NA,0,0,1781,"seivep.png","print","nwtl"
"376","11c.edf",4,1500,0,1e+08,1e+08,1,NA,0,0,1781,"seivep.png","print","nwtl"
"377","11c.edf",4,1504,0,1e+08,1e+08,1,NA,0,0,1781,"seivep.png","print","nwtl"
"378","11c.edf",4,1508,0,1e+08,1e+08,1,NA,0,0,1781,"seivep.png","print","nwtl"
"379","11c.edf",4,1512,0,1e+08,1e+08,1,NA,0,0,1781,"seivep.png","print","nwtl"
"380","11c.edf",4,1516,0,1e+08,1e+08,1,NA,0,0,1781,"seivep.png","print","nwtl"
"381","11c.edf",4,1520,0,1e+08,1e+08,1,NA,0,0,1781,"seivep.png","print","nwtl"
"382","11c.edf",4,1524,0,1e+08,1e+08,1,NA,0,0,1781,"seivep.png","print","nwtl"
"383","11c.edf",4,1528,0,1e+08,1e+08,1,NA,0,0,1781,"seivep.png","print","nwtl"
"384","11c.edf",4,1532,0,1e+08,1e+08,1,NA,0,0,1781,"seivep.png","print","nwtl"
"385","11c.edf",4,1536,0,1e+08,1e+08,1,NA,0,0,1781,"seivep.png","print","nwtl"
"386","11c.edf",4,1540,0,1e+08,1e+08,1,NA,0,0,1781,"seivep.png","print","nwtl"
"387","11c.edf",4,1544,0,1e+08,1e+08,1,NA,0,0,1781,"seivep.png","print","nwtl"
"388","11c.edf",4,1548,0,1e+08,1e+08,1,NA,0,0,1781,"seivep.png","print","nwtl"
"389","11c.edf",4,1552,0,1e+08,1e+08,1,NA,0,0,1781,"seivep.png","print","nwtl"
"390","11c.edf",4,1556,0,1e+08,1e+08,1,NA,0,0,1781,"seivep.png","print","nwtl"
"391","11c.edf",4,1560,0,1e+08,1e+08,1,NA,0,0,1781,"seivep.png","print","nwtl"
"392","11c.edf",4,1564,0,1e+08,1e+08,1,NA,0,0,1781,"seivep.png","print","nwtl"
"393","11c.edf",4,1568,0,1e+08,1e+08,1,NA,0,0,1781,"seivep.png","print","nwtl"
"394","11c.edf",4,1572,0,1e+08,1e+08,1,NA,0,0,1781,"seivep.png","print","nwtl"
"395","11c.edf",4,1576,0,1e+08,1e+08,1,NA,0,0,1781,"seivep.png","print","nwtl"
"396","11c.edf",4,1580,0,1e+08,1e+08,1,NA,0,0,1781,"seivep.png","print","nwtl"
"397","11c.edf",4,1584,0,1e+08,1e+08,1,NA,0,0,1781,"seivep.png","print","nwtl"
"398","11c.edf",4,1588,0,1e+08,1e+08,1,NA,0,0,1781,"seivep.png","print","nwtl"
"399","11c.edf",4,1592,0,1e+08,1e+08,1,NA,0,0,1781,"seivep.png","print","nwtl"
"400","11c.edf",4,1596,0,1e+08,1e+08,1,NA,0,0,1781,"seivep.png","print","nwtl"
"401","11c.edf",4,1600,0,1e+08,1e+08,1,NA,0,0,1781,"seivep.png","print","nwtl"
"402","11c.edf",4,1604,0,1e+08,1e+08,1,NA,0,0,1781,"seivep.png","print","nwtl"
"403","11c.edf",4,1608,0,1e+08,1e+08,1,NA,0,0,1781,"seivep.png","print","nwtl"
"404","11c.edf",4,1612,0,1e+08,1e+08,1,NA,0,0,1781,"seivep.png","print","nwtl"
"405","11c.edf",4,1616,0,1e+08,1e+08,1,NA,0,0,1781,"seivep.png","print","nwtl"
"406","11c.edf",4,1620,0,1e+08,1e+08,1,NA,0,0,1781,"seivep.png","print","nwtl"
"407","11c.edf",4,1624,0,1e+08,1e+08,1,NA,0,0,1781,"seivep.png","print","nwtl"
"408","11c.edf",4,1628,0,1e+08,1e+08,1,NA,0,0,1781,"seivep.png","print","nwtl"
"409","11c.edf",4,1632,0,1e+08,1e+08,1,NA,0,0,1781,"seivep.png","print","nwtl"
"410","11c.edf",4,1636,0,1e+08,1e+08,1,NA,0,0,1781,"seivep.png","print","nwtl"
"411","11c.edf",4,1640,0,1e+08,1e+08,1,NA,0,0,1781,"seivep.png","print","nwtl"
"412","11c.edf",4,1644,0,1e+08,1e+08,1,NA,0,0,1781,"seivep.png","print","nwtl"
"413","11c.edf",4,1648,0,1e+08,1e+08,1,NA,0,0,1781,"seivep.png","print","nwtl"
"414","11c.edf",4,1652,0,1e+08,1e+08,1,NA,0,0,1781,"seivep.png","print","nwtl"
"415","11c.edf",4,1656,0,1e+08,1e+08,1,NA,0,0,1781,"seivep.png","print","nwtl"
"416","11c.edf",4,1660,0,1e+08,1e+08,1,NA,0,0,1781,"seivep.png","print","nwtl"
"417","11c.edf",4,1664,0,1e+08,1e+08,1,NA,0,0,1781,"seivep.png","print","nwtl"
"418","11c.edf",4,1668,0,1e+08,1e+08,1,NA,0,0,1781,"seivep.png","print","nwtl"
"419","11c.edf",4,1672,0,1e+08,1e+08,1,NA,0,0,1781,"seivep.png","print","nwtl"
"420","11c.edf",4,1676,0,1e+08,1e+08,1,NA,0,0,1781,"seivep.png","print","nwtl"
"421","11c.edf",4,1680,0,1e+08,1e+08,1,NA,0,0,1781,"seivep.png","print","nwtl"
"422","11c.edf",4,1684,0,1e+08,1e+08,1,NA,0,0,1781,"seivep.png","print","nwtl"
"423","11c.edf",4,1688,0,1e+08,1e+08,1,NA,0,0,1781,"seivep.png","print","nwtl"
"424","11c.edf",4,1692,0,1e+08,1e+08,1,NA,0,0,1781,"seivep.png","print","nwtl"
"425","11c.edf",4,1696,0,1e+08,1e+08,1,NA,0,0,1781,"seivep.png","print","nwtl"
"426","11c.edf",4,1700,0,1e+08,1e+08,1,NA,0,0,1781,"seivep.png","print","nwtl"
"427","11c.edf",4,1704,0,1e+08,1e+08,1,NA,0,0,1781,"seivep.png","print","nwtl"
"428","11c.edf",4,1708,0,1e+08,1e+08,1,NA,0,0,1781,"seivep.png","print","nwtl"
"429","11c.edf",4,1712,0,1e+08,1e+08,1,NA,0,0,1781,"seivep.png","print","nwtl"
"430","11c.edf",4,1716,0,1e+08,1e+08,1,NA,0,0,1781,"seivep.png","print","nwtl"
"431","11c.edf",4,1720,0,1e+08,1e+08,1,NA,0,0,1781,"seivep.png","print","nwtl"
"432","11c.edf",4,1724,0,1e+08,1e+08,1,NA,0,0,1781,"seivep.png","print","nwtl"
"433","11c.edf",4,1728,0,1e+08,1e+08,1,NA,0,0,1781,"seivep.png","print","nwtl"
"434","11c.edf",4,1732,0,1e+08,1e+08,1,NA,0,0,1781,"seivep.png","print","nwtl"
"435","11c.edf",4,1736,0,1e+08,1e+08,1,NA,0,0,1781,"seivep.png","print","nwtl"
"436","11c.edf",4,1740,0,1e+08,1e+08,1,NA,0,0,1781,"seivep.png","print","nwtl"
"437","11c.edf",4,1744,0,1e+08,1e+08,1,NA,0,0,1781,"seivep.png","print","nwtl"
"438","11c.edf",4,1748,0,1e+08,1e+08,1,NA,0,0,1781,"seivep.png","print","nwtl"
"439","11c.edf",4,1752,0,1e+08,1e+08,1,NA,0,0,1781,"seivep.png","print","nwtl"
"440","11c.edf",4,1756,0,1e+08,1e+08,1,NA,0,0,1781,"seivep.png","print","nwtl"
"441","11c.edf",4,1760,0,1e+08,1e+08,1,NA,0,0,1781,"seivep.png","print","nwtl"
"442","11c.edf",4,1764,0,1e+08,1e+08,1,NA,0,0,1781,"seivep.png","print","nwtl"
"443","11c.edf",4,1768,0,1e+08,1e+08,1,NA,0,0,1781,"seivep.png","print","nwtl"
"444","11c.edf",4,1772,0,1e+08,1e+08,1,NA,0,0,1781,"seivep.png","print","nwtl"
"445","11c.edf",4,1776,0,1e+08,1e+08,1,NA,0,0,1781,"seivep.png","print","nwtl"
"446","11c.edf",4,1780,0,1e+08,1e+08,1,NA,0,0,1781,"seivep.png","print","nwtl"
"447","11c.edf",4,1784,0,1e+08,1e+08,1,NA,0,0,1781,"seivep.png","print","nwtl"
"448","11c.edf",4,1788,0,1e+08,1e+08,1,NA,0,0,1781,"seivep.png","print","nwtl"
"449","11c.edf",4,1792,0,1e+08,1e+08,1,NA,0,0,1781,"seivep.png","print","nwtl"
"450","11c.edf",4,1796,0,1e+08,1e+08,1,NA,0,0,1781,"seivep.png","print","nwtl"
"451","11c.edf",4,1800,0,1e+08,1e+08,1,NA,0,0,1781,"seivep.png","print","nwtl"
"452","11c.edf",4,1804,0,1e+08,1e+08,1,NA,0,0,1781,"seivep.png","print","nwtl"
"453","11c.edf",4,1808,0,1e+08,1e+08,1,NA,0,0,1781,"seivep.png","print","nwtl"
"454","11c.edf",4,1812,0,1e+08,1e+08,1,NA,0,0,1781,"seivep.png","print","nwtl"
"455","11c.edf",4,1816,0,1e+08,1e+08,1,NA,0,0,1781,"seivep.png","print","nwtl"
"456","11c.edf",4,1820,0,1e+08,1e+08,1,NA,0,0,1781,"seivep.png","print","nwtl"
"457","11c.edf",4,1824,0,1e+08,1e+08,1,NA,0,0,1781,"seivep.png","print","nwtl"
"458","11c.edf",4,1828,0,1e+08,1e+08,1,NA,0,0,1781,"seivep.png","print","nwtl"
"459","11c.edf",4,1832,0,1e+08,1e+08,1,NA,0,0,1781,"seivep.png","print","nwtl"
"460","11c.edf",4,1836,0,1e+08,1e+08,1,NA,0,0,1781,"seivep.png","print","nwtl"
"461","11c.edf",4,1840,0,1e+08,1e+08,1,NA,0,0,1781,"seivep.png","print","nwtl"
"462","11c.edf",4,1844,0,1e+08,1e+08,1,NA,0,0,1781,"seivep.png","print","nwtl"
"463","11c.edf",4,1848,0,1e+08,1e+08,1,NA,0,0,1781,"seivep.png","print","nwtl"
"464","11c.edf",4,1852,0,1e+08,1e+08,1,NA,0,0,1781,"seivep.png","print","nwtl"
"465","11c.edf",4,1856,0,1e+08,1e+08,1,NA,0,0,1781,"seivep.png","print","nwtl"
"466","11c.edf",4,1860,0,1e+08,1e+08,1,NA,0,0,1781,"seivep.png","print","nwtl"
"467","11c.edf",4,1864,0,1e+08,1e+08,1,NA,0,0,1781,"seivep.png","print","nwtl"
"468","11c.edf",4,1868,0,1e+08,1e+08,1,NA,0,0,1781,"seivep.png","print","nwtl"
"469","11c.edf",4,1872,0,1e+08,1e+08,1,NA,0,0,1781,"seivep.png","print","nwtl"
"470","11c.edf",4,1876,0,1e+08,1e+08,1,NA,0,0,1781,"seivep.png","print","nwtl"
"471","11c.edf",4,1880,0,1e+08,1e+08,1,NA,0,0,1781,"seivep.png","print","nwtl"
"472","11c.edf",4,1884,0,1e+08,1e+08,1,NA,0,0,1781,"seivep.png","print","nwtl"
"473","11c.edf",4,1888,4971,953.799987792969,349.299987792969,0,NA,0,0,1781,"seivep.png","print","nwtl"
"474","11c.edf",4,1892,5029,962.400024414062,335.5,0,NA,0,0,1781,"seivep.png","print","nwtl"
"475","11c.edf",4,1896,5074,950.799987792969,324.399993896484,0,NA,0,0,1781,"seivep.png","print","nwtl"
"476","11c.edf",4,1900,5128,948.900024414062,312.200012207031,0,NA,0,0,1781,"seivep.png","print","nwtl"
"477","11c.edf",4,1904,4683,991.799987792969,432.899993896484,0,NA,0,0,1781,"seivep.png","print","nwtl"
"478","11c.edf",4,1908,4181,1030.90002441406,557.799987792969,0,NA,0,0,1781,"seivep.png","print","nwtl"
"479","11c.edf",4,1912,4167,1031.30004882812,560.5,0,NA,0,0,1781,"seivep.png","print","nwtl"
"480","11c.edf",4,1916,4157,1032.5,561.200012207031,0,NA,0,0,1781,"seivep.png","print","nwtl"
"481","11c.edf",4,1920,4153,1033.80004882812,562.200012207031,0,NA,0,0,1781,"seivep.png","print","nwtl"
"482","11c.edf",4,1924,4155,1032.30004882812,563.700012207031,0,NA,0,0,1781,"seivep.png","print","nwtl"
"483","11c.edf",4,1928,4153,1032.30004882812,566.099975585938,0,NA,0,0,1781,"seivep.png","print","nwtl"
"484","11c.edf",4,1932,4152,1033.30004882812,564.400024414062,0,NA,0,0,1781,"seivep.png","print","nwtl"
"485","11c.edf",4,1936,4158,1033.5,564.200012207031,0,NA,0,0,1781,"seivep.png","print","nwtl"
"486","11c.edf",4,1940,4159,1033,564.700012207031,0,NA,0,0,1781,"seivep.png","print","nwtl"
"487","11c.edf",4,1944,4160,1032.09997558594,565.700012207031,0,NA,0,0,1781,"seivep.png","print","nwtl"
"488","11c.edf",4,1948,4162,1031.59997558594,567.200012207031,0,NA,0,0,1781,"seivep.png","print","nwtl"
"489","11c.edf",4,1952,4163,1031.19995117188,568.099975585938,0,NA,0,0,1781,"seivep.png","print","nwtl"
"490","11c.edf",4,1956,4173,1031.69995117188,569.900024414062,0,NA,0,0,1781,"seivep.png","print","nwtl"
"491","11c.edf",4,1960,4173,1033.40002441406,569.299987792969,0,NA,0,0,1781,"seivep.png","print","nwtl"
"492","11c.edf",4,1964,4178,1034.5,570.599975585938,0,NA,0,0,1781,"seivep.png","print","nwtl"
"493","11c.edf",4,1968,4182,1034.69995117188,572.400024414062,0,NA,0,0,1781,"seivep.png","print","nwtl"
"494","11c.edf",4,1972,4185,1033.30004882812,571.099975585938,0,NA,0,0,1781,"seivep.png","print","nwtl"
"495","11c.edf",4,1976,4185,1031.59997558594,570.599975585938,0,NA,0,0,1781,"seivep.png","print","nwtl"
"496","11c.edf",4,1980,4195,1030.69995117188,572.799987792969,0,NA,0,0,1781,"seivep.png","print","nwtl"
"497","11c.edf",4,1984,4199,1030.40002441406,572.299987792969,0,NA,0,0,1781,"seivep.png","print","nwtl"
"498","11c.edf",4,1988,4204,1030,570.799987792969,0,NA,0,0,1781,"seivep.png","print","nwtl"
"499","11c.edf",4,1992,4208,1030.40002441406,570.299987792969,0,NA,0,0,1781,"seivep.png","print","nwtl"
"500","11c.edf",4,1996,4210,1033.19995117188,570.700012207031,0,NA,0,0,1781,"seivep.png","print","nwtl"
"501","11c.edf",4,2000,4213,1033.90002441406,570.5,0,NA,0,0,1781,"seivep.png","print","nwtl"
"502","11c.edf",4,2004,4217,1034.30004882812,571,0,NA,0,0,1781,"seivep.png","print","nwtl"
"503","11c.edf",4,2008,4221,1035.69995117188,570.200012207031,0,NA,0,0,1781,"seivep.png","print","nwtl"
"504","11c.edf",4,2012,4226,1035.80004882812,568.099975585938,0,NA,0,0,1781,"seivep.png","print","nwtl"
"505","11c.edf",4,2016,4224,1035.09997558594,567.700012207031,0,NA,0,0,1781,"seivep.png","print","nwtl"
"506","11c.edf",4,2020,4230,1034.30004882812,568.900024414062,0,NA,0,0,1781,"seivep.png","print","nwtl"
"507","11c.edf",4,2024,4230,1034.5,568.799987792969,0,NA,0,0,1781,"seivep.png","print","nwtl"
"508","11c.edf",4,2028,4232,1033.80004882812,570,0,NA,0,0,1781,"seivep.png","print","nwtl"
"509","11c.edf",4,2032,4236,1033.5,569.599975585938,0,NA,0,0,1781,"seivep.png","print","nwtl"
"510","11c.edf",4,2036,4233,1034.19995117188,570.299987792969,0,NA,0,0,1781,"seivep.png","print","nwtl"
"511","11c.edf",4,2040,4235,1032.30004882812,569.099975585938,0,NA,0,0,1781,"seivep.png","print","nwtl"
"512","11c.edf",4,2044,4243,1032,569.5,0,NA,0,0,1781,"seivep.png","print","nwtl"
"513","11c.edf",4,2048,4239,1031.59997558594,569.900024414062,0,NA,0,0,1781,"seivep.png","print","nwtl"
"514","11c.edf",4,2052,4242,1030.90002441406,571.099975585938,0,NA,0,0,1781,"seivep.png","print","nwtl"
"515","11c.edf",4,2056,4244,1032.59997558594,570.5,0,NA,0,0,1781,"seivep.png","print","nwtl"
"516","11c.edf",4,2060,4245,1031.59997558594,570.299987792969,0,NA,0,0,1781,"seivep.png","print","nwtl"
"517","11c.edf",4,2064,4251,1029.30004882812,571.400024414062,0,NA,0,0,1781,"seivep.png","print","nwtl"
"518","11c.edf",4,2068,4255,1028.90002441406,572.400024414062,0,NA,0,0,1781,"seivep.png","print","nwtl"
"519","11c.edf",4,2072,4259,1031.90002441406,572.599975585938,0,NA,0,0,1781,"seivep.png","print","nwtl"
"520","11c.edf",4,2076,4257,1033.30004882812,569.299987792969,0,NA,0,0,1781,"seivep.png","print","nwtl"
"521","11c.edf",4,2080,4261,1031.90002441406,567.400024414062,0,NA,0,0,1781,"seivep.png","print","nwtl"
"522","11c.edf",4,2084,4267,1029.90002441406,568.400024414062,0,NA,0,0,1781,"seivep.png","print","nwtl"
"523","11c.edf",4,2088,4274,1029.5,570.099975585938,0,NA,0,0,1781,"seivep.png","print","nwtl"
"524","11c.edf",4,2092,4274,1031.19995117188,570.400024414062,0,"DISPLAYFEEDBACKINCOR",0,0,1781,"seivep.png","print","nwtl"
"525","11c.edf",4,2096,4273,1033.09997558594,568,0,NA,0,0,1781,"seivep.png","print","nwtl"
"526","11c.edf",4,2100,4271,1035.30004882812,568.700012207031,0,NA,0,0,1781,"seivep.png","print","nwtl"
"527","11c.edf",4,2104,4275,1035.80004882812,569.099975585938,0,NA,0,0,1781,"seivep.png","print","nwtl"
"528","11c.edf",4,2108,4278,1035.5,568.200012207031,0,NA,0,0,1781,"seivep.png","print","nwtl"
"529","11c.edf",4,2112,4279,1035,567.900024414062,0,NA,0,0,1781,"seivep.png","print","nwtl"
"530","11c.edf",4,2116,4284,1034.69995117188,569.200012207031,0,NA,0,0,1781,"seivep.png","print","nwtl"
"531","11c.edf",4,2120,4282,1033.69995117188,568.400024414062,0,NA,0,0,1781,"seivep.png","print","nwtl"
"532","11c.edf",4,2124,4287,1034.09997558594,567.599975585938,0,NA,0,0,1781,"seivep.png","print","nwtl"
"533","11c.edf",4,2128,4289,1033.80004882812,568.099975585938,0,NA,0,0,1781,"seivep.png","print","nwtl"
"534","11c.edf",4,2132,4293,1034.30004882812,568.5,0,NA,0,0,1781,"seivep.png","print","nwtl"
"535","11c.edf",4,2136,4299,1035.09997558594,571.5,0,NA,0,0,1781,"seivep.png","print","nwtl"
"536","11c.edf",4,2140,4295,1032.90002441406,571,0,NA,0,0,1781,"seivep.png","print","nwtl"
"537","11c.edf",4,2144,4289,1032.30004882812,569.5,0,NA,0,0,1781,"seivep.png","print","nwtl"
"538","11c.edf",4,2148,4291,1032.5,571.400024414062,0,NA,0,0,1781,"seivep.png","print","nwtl"
"539","11c.edf",4,2152,4292,1032.30004882812,571.799987792969,0,NA,0,0,1781,"seivep.png","print","nwtl"
"540","11c.edf",4,2156,4291,1033.5,568.900024414062,0,NA,0,0,1781,"seivep.png","print","nwtl"
"541","11c.edf",4,2160,4294,1033.80004882812,570.599975585938,0,NA,0,0,1781,"seivep.png","print","nwtl"
"542","11c.edf",4,2164,4294,1035.09997558594,572.400024414062,0,NA,0,0,1781,"seivep.png","print","nwtl"
"543","11c.edf",4,2168,4294,1035.40002441406,572.599975585938,0,NA,0,0,1781,"seivep.png","print","nwtl"
"544","11c.edf",4,2172,4293,1035.40002441406,573,0,NA,0,0,1781,"seivep.png","print","nwtl"
"545","11c.edf",4,2176,4293,1035.90002441406,573.900024414062,0,NA,0,0,1781,"seivep.png","print","nwtl"
"546","11c.edf",4,2180,4291,1034.59997558594,573.799987792969,0,NA,0,0,1781,"seivep.png","print","nwtl"
"547","11c.edf",4,2184,4291,1033.09997558594,574,0,NA,0,0,1781,"seivep.png","print","nwtl"
"548","11c.edf",4,2188,4292,1032.90002441406,572.700012207031,0,NA,0,0,1781,"seivep.png","print","nwtl"
"549","11c.edf",4,2192,4285,1031.59997558594,572.599975585938,0,NA,0,0,1781,"seivep.png","print","nwtl"
"550","11c.edf",4,2196,4286,1031,573,0,NA,0,0,1781,"seivep.png","print","nwtl"
"551","11c.edf",4,2200,4284,1031.09997558594,573.5,0,NA,0,0,1781,"seivep.png","print","nwtl"
"552","11c.edf",4,2204,4281,1031.5,574,0,NA,0,0,1781,"seivep.png","print","nwtl"
"553","11c.edf",4,2208,4281,1031.59997558594,576,0,NA,0,0,1781,"seivep.png","print","nwtl"
"554","11c.edf",4,2212,4279,1031.80004882812,576.400024414062,0,NA,0,0,1781,"seivep.png","print","nwtl"
"555","11c.edf",4,2216,4281,1031.69995117188,576.200012207031,0,NA,0,0,1781,"seivep.png","print","nwtl"
"556","11c.edf",4,2220,4275,1031.40002441406,577.400024414062,0,NA,0,0,1781,"seivep.png","print","nwtl"
"557","11c.edf",4,2224,4277,1031.69995117188,580.299987792969,0,NA,0,0,1781,"seivep.png","print","nwtl"
"558","11c.edf",4,2228,4276,1032.5,580.400024414062,0,NA,0,0,1781,"seivep.png","print","nwtl"
"559","11c.edf",4,2232,4274,1032.5,578.5,0,NA,0,0,1781,"seivep.png","print","nwtl"
"560","11c.edf",4,2236,4272,1032.80004882812,579.900024414062,0,NA,0,0,1781,"seivep.png","print","nwtl"
"561","11c.edf",4,2240,4270,1031.5,578.799987792969,0,NA,0,0,1781,"seivep.png","print","nwtl"
"562","11c.edf",4,2244,4265,1030.59997558594,577.599975585938,0,NA,0,0,1781,"seivep.png","print","nwtl"
"563","11c.edf",4,2248,4265,1031.40002441406,578.400024414062,0,NA,0,0,1781,"seivep.png","print","nwtl"
"564","11c.edf",4,2252,4262,1030.69995117188,577.099975585938,0,NA,0,0,1781,"seivep.png","print","nwtl"
"565","11c.edf",4,2256,4259,1031.19995117188,576.799987792969,0,NA,0,0,1781,"seivep.png","print","nwtl"
"566","11c.edf",4,2260,4256,1031.40002441406,576.700012207031,0,NA,0,0,1781,"seivep.png","print","nwtl"
"567","11c.edf",4,2264,4253,1032.59997558594,575.700012207031,0,NA,0,0,1781,"seivep.png","print","nwtl"
"568","11c.edf",4,2268,4243,1034.5,576.099975585938,0,NA,0,0,1781,"seivep.png","print","nwtl"
"569","11c.edf",4,2272,4238,1036.19995117188,576,0,NA,0,0,1781,"seivep.png","print","nwtl"
"570","11c.edf",4,2276,4237,1036.90002441406,576,0,NA,0,0,1781,"seivep.png","print","nwtl"
"571","11c.edf",4,2280,4237,1034.80004882812,573,0,NA,0,0,1781,"seivep.png","print","nwtl"
"572","11c.edf",4,2284,4236,1032.69995117188,573.299987792969,0,NA,0,0,1781,"seivep.png","print","nwtl"
"573","11c.edf",4,2288,4231,1032.30004882812,573.700012207031,0,NA,0,0,1781,"seivep.png","print","nwtl"
"574","11c.edf",4,2292,4227,1032,573.099975585938,0,NA,0,0,1781,"seivep.png","print","nwtl"
"575","11c.edf",4,2296,4219,1031.90002441406,572.5,0,NA,0,0,1781,"seivep.png","print","nwtl"
"576","11c.edf",4,2300,4215,1033.40002441406,572.599975585938,0,NA,0,0,1781,"seivep.png","print","nwtl"
"577","11c.edf",4,2304,4210,1035.90002441406,572,0,NA,0,0,1781,"seivep.png","print","nwtl"
"578","11c.edf",4,2308,4205,1035.69995117188,570.900024414062,0,NA,0,0,1781,"seivep.png","print","nwtl"
"579","11c.edf",4,2312,4202,1035.30004882812,571.599975585938,0,NA,0,0,1781,"seivep.png","print","nwtl"
"580","11c.edf",4,2316,4198,1035.59997558594,573.799987792969,0,NA,0,0,1781,"seivep.png","print","nwtl"
"581","11c.edf",4,2320,4195,1035,575,0,NA,0,0,1781,"seivep.png","print","nwtl"
"582","11c.edf",4,2324,4189,1034.30004882812,576.200012207031,0,NA,0,0,1781,"seivep.png","print","nwtl"
"583","11c.edf",4,2328,4181,1032.90002441406,575,0,NA,0,0,1781,"seivep.png","print","nwtl"
"584","11c.edf",4,2332,4176,1032.09997558594,574.200012207031,0,NA,0,0,1781,"seivep.png","print","nwtl"
"585","11c.edf",4,2336,4170,1031.19995117188,573.599975585938,0,NA,0,0,1781,"seivep.png","print","nwtl"
"586","11c.edf",4,2340,4165,1031.59997558594,573.099975585938,0,NA,0,0,1781,"seivep.png","print","nwtl"
"587","11c.edf",4,2344,4156,1031.90002441406,571,0,NA,0,0,1781,"seivep.png","print","nwtl"
"588","11c.edf",4,2348,4151,1031.09997558594,570.099975585938,0,NA,0,0,1781,"seivep.png","print","nwtl"
"589","11c.edf",4,2352,4144,1030.90002441406,569.700012207031,0,NA,0,0,1781,"seivep.png","print","nwtl"
"590","11c.edf",4,2356,4139,1031.5,568.700012207031,0,NA,0,0,1781,"seivep.png","print","nwtl"
"591","11c.edf",4,2360,4132,1031.30004882812,567.400024414062,0,NA,0,0,1781,"seivep.png","print","nwtl"
"592","11c.edf",4,2364,4127,1030.19995117188,567.299987792969,0,NA,0,0,1781,"seivep.png","print","nwtl"
"593","11c.edf",4,2368,4120,1031.30004882812,566.799987792969,0,NA,0,0,1781,"seivep.png","print","nwtl"
"594","11c.edf",4,2372,4111,1031.59997558594,567.299987792969,0,NA,0,0,1781,"seivep.png","print","nwtl"
"595","11c.edf",4,2376,4106,1030.59997558594,566.900024414062,0,NA,0,0,1781,"seivep.png","print","nwtl"
"596","11c.edf",4,2380,4106,1031.19995117188,567.5,0,NA,0,0,1781,"seivep.png","print","nwtl"
"597","11c.edf",4,2384,4097,1031.19995117188,567.599975585938,0,NA,0,0,1781,"seivep.png","print","nwtl"
"598","11c.edf",4,2388,4088,1030.19995117188,567.900024414062,0,NA,0,0,1781,"seivep.png","print","nwtl"
"599","11c.edf",4,2392,4083,1030.19995117188,566.799987792969,0,NA,0,0,1781,"seivep.png","print","nwtl"
"600","11c.edf",4,2396,4078,1030.69995117188,567.200012207031,0,NA,0,0,1781,"seivep.png","print","nwtl"
"601","11c.edf",4,2400,4074,1029.5,567.599975585938,0,NA,0,0,1781,"seivep.png","print","nwtl"
"602","11c.edf",4,2404,4069,1029.59997558594,566.5,0,NA,0,0,1781,"seivep.png","print","nwtl"
"603","11c.edf",4,2408,4063,1030.19995117188,566.099975585938,0,NA,0,0,1781,"seivep.png","print","nwtl"
"604","11c.edf",4,2412,4054,1028.5,564.799987792969,0,NA,0,0,1781,"seivep.png","print","nwtl"
"605","11c.edf",4,2416,4052,1027.40002441406,565.599975585938,0,NA,0,0,1781,"seivep.png","print","nwtl"
"606","11c.edf",4,2420,4050,1027.90002441406,565.900024414062,0,NA,0,0,1781,"seivep.png","print","nwtl"
"607","11c.edf",4,2424,4046,1028,565.099975585938,0,NA,0,0,1781,"seivep.png","print","nwtl"
"608","11c.edf",4,2428,4038,1027.90002441406,564.799987792969,0,NA,0,0,1781,"seivep.png","print","nwtl"
"609","11c.edf",4,2432,4031,1029.80004882812,564.299987792969,0,NA,0,0,1781,"seivep.png","print","nwtl"
"610","11c.edf",4,2436,4029,1030.69995117188,564.799987792969,0,NA,0,0,1781,"seivep.png","print","nwtl"
"611","11c.edf",4,2440,4030,1030.80004882812,567.200012207031,0,NA,0,0,1781,"seivep.png","print","nwtl"
"612","11c.edf",4,2444,4025,1031,568,0,NA,0,0,1781,"seivep.png","print","nwtl"
"613","11c.edf",4,2448,4024,1030.69995117188,567.599975585938,0,NA,0,0,1781,"seivep.png","print","nwtl"
"614","11c.edf",4,2452,4017,1030.80004882812,567.700012207031,0,NA,0,0,1781,"seivep.png","print","nwtl"
"615","11c.edf",4,2456,4013,1032.59997558594,565.599975585938,0,NA,0,0,1781,"seivep.png","print","nwtl"
"616","11c.edf",4,2460,4011,1032.69995117188,566,0,NA,0,0,1781,"seivep.png","print","nwtl"
"617","11c.edf",4,2464,4008,1032.69995117188,566,0,NA,0,0,1781,"seivep.png","print","nwtl"
"618","11c.edf",4,2468,3997,1032.90002441406,567.099975585938,0,NA,0,0,1781,"seivep.png","print","nwtl"
"619","11c.edf",4,2472,3994,1032.69995117188,566.799987792969,0,NA,0,0,1781,"seivep.png","print","nwtl"
"620","11c.edf",4,2476,3990,1032.69995117188,565.299987792969,0,NA,0,0,1781,"seivep.png","print","nwtl"
"621","11c.edf",4,2480,3986,1033.30004882812,564.299987792969,0,NA,0,0,1781,"seivep.png","print","nwtl"
"622","11c.edf",4,2484,3980,1033.69995117188,565.099975585938,0,NA,0,0,1781,"seivep.png","print","nwtl"
"623","11c.edf",4,2488,3978,1034.80004882812,566.299987792969,0,NA,0,0,1781,"seivep.png","print","nwtl"
"624","11c.edf",4,2492,3975,1034,566.099975585938,0,NA,0,0,1781,"seivep.png","print","nwtl"
"625","11c.edf",4,2496,3965,1023.59997558594,567,0,NA,0,0,1781,"seivep.png","print","nwtl"
"626","11c.edf",4,2500,3962,994.400024414062,567.599975585938,0,NA,0,0,1781,"seivep.png","print","nwtl"
"627","11c.edf",4,2504,3960,965.900024414062,569.200012207031,0,NA,0,0,1781,"seivep.png","print","nwtl"
"628","11c.edf",4,2508,3960,949.599975585938,573.099975585938,0,NA,0,0,1781,"seivep.png","print","nwtl"
"629","11c.edf",4,2512,3950,953.700012207031,579.5,0,NA,0,0,1781,"seivep.png","print","nwtl"
"630","11c.edf",4,2516,3944,964.099975585938,584.799987792969,0,NA,0,0,1781,"seivep.png","print","nwtl"
"631","11c.edf",4,2520,3942,965.400024414062,579,0,NA,0,0,1781,"seivep.png","print","nwtl"
"632","11c.edf",4,2524,3943,961.799987792969,569.799987792969,0,NA,0,0,1781,"seivep.png","print","nwtl"
"633","11c.edf",4,2528,3935,960.299987792969,570.900024414062,0,NA,0,0,1781,"seivep.png","print","nwtl"
"634","11c.edf",4,2532,3933,959.799987792969,579.200012207031,0,NA,0,0,1781,"seivep.png","print","nwtl"
"635","11c.edf",4,2536,3928,957.900024414062,580.099975585938,0,NA,0,0,1781,"seivep.png","print","nwtl"
"636","11c.edf",4,2540,3929,957.099975585938,580,0,NA,0,0,1781,"seivep.png","print","nwtl"
"637","11c.edf",4,2544,3923,956.700012207031,578.799987792969,0,NA,0,0,1781,"seivep.png","print","nwtl"
"638","11c.edf",4,2548,3911,956.200012207031,577.099975585938,0,NA,0,0,1781,"seivep.png","print","nwtl"
"639","11c.edf",4,2552,3905,958.299987792969,575.599975585938,0,NA,0,0,1781,"seivep.png","print","nwtl"
"640","11c.edf",4,2556,3907,960.599975585938,574.5,0,NA,0,0,1781,"seivep.png","print","nwtl"
"641","11c.edf",4,2560,3908,960.400024414062,573,0,NA,0,0,1781,"seivep.png","print","nwtl"
"642","11c.edf",4,2564,3912,960.299987792969,573,0,NA,0,0,1781,"seivep.png","print","nwtl"
"643","11c.edf",4,2568,3906,957.200012207031,574.400024414062,0,NA,0,0,1781,"seivep.png","print","nwtl"
"644","11c.edf",4,2572,3895,956.900024414062,573.599975585938,0,NA,0,0,1781,"seivep.png","print","nwtl"
"645","11c.edf",4,2576,3899,959.900024414062,574.099975585938,0,NA,0,0,1781,"seivep.png","print","nwtl"
"646","11c.edf",4,2580,3893,961.099975585938,573.900024414062,0,NA,0,0,1781,"seivep.png","print","nwtl"
"647","11c.edf",4,2584,3891,957.5,571.799987792969,0,NA,0,0,1781,"seivep.png","print","nwtl"
"648","11c.edf",4,2588,3893,959.599975585938,567.400024414062,0,NA,0,0,1781,"seivep.png","print","nwtl"
"649","11c.edf",4,2592,3891,961.299987792969,570.400024414062,0,NA,0,0,1781,"seivep.png","print","nwtl"
"650","11c.edf",4,2596,3883,961.299987792969,568.700012207031,0,"feedbacktimer",0,0,1781,"seivep.png","print","nwtl"
"651","11c.edf",4,2600,3883,959.599975585938,569.400024414062,0,NA,0,0,1781,"seivep.png","print","nwtl"
"652","11c.edf",4,2604,3887,960.5,568.900024414062,0,NA,0,0,1781,"seivep.png","print","nwtl"
"653","11c.edf",4,2608,3885,961.400024414062,567.200012207031,0,NA,0,0,1781,"seivep.png","print","nwtl"
"654","11c.edf",4,2612,3880,960.700012207031,567.5,0,NA,0,0,1781,"seivep.png","print","nwtl"
"655","11c.edf",4,2616,3881,962.799987792969,564.099975585938,0,NA,0,0,1781,"seivep.png","print","nwtl"
"656","11c.edf",4,2620,3879,961,566,0,NA,0,0,1781,"seivep.png","print","nwtl"
"657","11c.edf",4,2624,3878,961.5,564.599975585938,0,NA,0,0,1781,"seivep.png","print","nwtl"
"658","11c.edf",4,2628,3875,962.099975585938,564,0,NA,0,0,1781,"seivep.png","print","nwtl"
"659","11c.edf",4,2632,3873,962.599975585938,565.799987792969,0,NA,0,0,1781,"seivep.png","print","nwtl"
"660","11c.edf",4,2636,3871,963.299987792969,567.400024414062,0,NA,0,0,1781,"seivep.png","print","nwtl"
"661","11c.edf",4,2640,3868,963.200012207031,568.900024414062,0,NA,0,0,1781,"seivep.png","print","nwtl"
"662","11c.edf",4,2644,3868,962.099975585938,566.700012207031,0,NA,0,0,1781,"seivep.png","print","nwtl"
"663","11c.edf",4,2648,3862,963.099975585938,569.5,0,NA,0,0,1781,"seivep.png","print","nwtl"
"664","11c.edf",4,2652,3865,965.799987792969,568.299987792969,0,NA,0,0,1781,"seivep.png","print","nwtl"
"665","11c.edf",4,2656,3865,966.200012207031,570.900024414062,0,NA,0,0,1781,"seivep.png","print","nwtl"
"666","11c.edf",4,2660,3862,965.5,566.200012207031,0,NA,0,0,1781,"seivep.png","print","nwtl"
"667","11c.edf",4,2664,3858,965.599975585938,566.200012207031,0,NA,0,0,1781,"seivep.png","print","nwtl"
"668","11c.edf",4,2668,3861,968.200012207031,565.599975585938,0,NA,0,0,1781,"seivep.png","print","nwtl"
"669","11c.edf",4,2672,3861,966.5,566.900024414062,0,NA,0,0,1781,"seivep.png","print","nwtl"
"670","11c.edf",4,2676,3863,966.5,572.299987792969,0,NA,0,0,1781,"seivep.png","print","nwtl"
"671","11c.edf",4,2680,3856,967.700012207031,569.299987792969,0,NA,0,0,1781,"seivep.png","print","nwtl"
"672","11c.edf",4,2684,3863,970.599975585938,572.299987792969,0,NA,0,0,1781,"seivep.png","print","nwtl"
"673","11c.edf",4,2688,3859,970.799987792969,574.599975585938,0,NA,0,0,1781,"seivep.png","print","nwtl"
"674","11c.edf",4,2692,3858,970.200012207031,572.700012207031,0,NA,0,0,1781,"seivep.png","print","nwtl"
"675","11c.edf",4,2696,3860,969.099975585938,569.599975585938,0,NA,0,0,1781,"seivep.png","print","nwtl"
"676","11c.edf",4,2700,3861,971.700012207031,567.799987792969,0,NA,0,0,1781,"seivep.png","print","nwtl"
"677","11c.edf",4,2704,3859,970.5,571.799987792969,0,NA,0,0,1781,"seivep.png","print","nwtl"
"678","11c.edf",4,2708,3860,970.400024414062,574.5,0,NA,0,0,1781,"seivep.png","print","nwtl"
"679","11c.edf",4,2712,3861,970.799987792969,573.400024414062,0,NA,0,0,1781,"seivep.png","print","nwtl"
"680","11c.edf",4,2716,3859,972.900024414062,571.299987792969,0,NA,0,0,1781,"seivep.png","print","nwtl"
"681","11c.edf",4,2720,3860,971.599975585938,574.200012207031,0,NA,0,0,1781,"seivep.png","print","nwtl"
"682","11c.edf",4,2724,3862,973.900024414062,579.400024414062,0,NA,0,0,1781,"seivep.png","print","nwtl"
"683","11c.edf",4,2728,3860,973.299987792969,578.200012207031,0,NA,0,0,1781,"seivep.png","print","nwtl"
"684","11c.edf",4,2732,3860,973.400024414062,573.599975585938,0,NA,0,0,1781,"seivep.png","print","nwtl"
"685","11c.edf",4,2736,3861,971.299987792969,571.799987792969,0,NA,0,0,1781,"seivep.png","print","nwtl"
"686","11c.edf",4,2740,3868,971.599975585938,573.400024414062,0,NA,0,0,1781,"seivep.png","print","nwtl"
"687","11c.edf",4,2744,3866,971.400024414062,573.900024414062,0,NA,0,0,1781,"seivep.png","print","nwtl"
"688","11c.edf",4,2748,3866,972.900024414062,576.400024414062,0,NA,0,0,1781,"seivep.png","print","nwtl"
"689","11c.edf",4,2752,3867,971.700012207031,580.200012207031,0,NA,0,0,1781,"seivep.png","print","nwtl"
"690","11c.edf",4,2756,3873,971.700012207031,580.599975585938,0,NA,0,0,1781,"seivep.png","print","nwtl"
"691","11c.edf",4,2760,3871,969.599975585938,579.900024414062,0,NA,0,0,1781,"seivep.png","print","nwtl"
"692","11c.edf",4,2764,3870,967.099975585938,581.5,0,NA,0,0,1781,"seivep.png","print","nwtl"
"693","11c.edf",4,2768,3867,966.900024414062,582.200012207031,0,NA,0,0,1781,"seivep.png","print","nwtl"
"694","11c.edf",4,2772,3870,967.099975585938,581,0,NA,0,0,1781,"seivep.png","print","nwtl"
"695","11c.edf",4,2776,3873,966.900024414062,581,0,NA,0,0,1781,"seivep.png","print","nwtl"
"696","11c.edf",4,2780,3877,966.799987792969,582.799987792969,0,NA,0,0,1781,"seivep.png","print","nwtl"
"697","11c.edf",4,2784,3876,966.799987792969,585,0,NA,0,0,1781,"seivep.png","print","nwtl"
"698","11c.edf",4,2788,3880,967.599975585938,583.700012207031,0,NA,0,0,1781,"seivep.png","print","nwtl"
"699","11c.edf",4,2792,3887,967.900024414062,583.299987792969,0,NA,0,0,1781,"seivep.png","print","nwtl"
"700","11c.edf",4,2796,3883,965.900024414062,582.900024414062,0,NA,0,0,1781,"seivep.png","print","nwtl"
"701","11c.edf",4,2800,3886,965.400024414062,583.299987792969,0,NA,0,0,1781,"seivep.png","print","nwtl"
"702","11c.edf",4,2804,3888,964.700012207031,582.700012207031,0,NA,0,0,1781,"seivep.png","print","nwtl"
"703","11c.edf",4,2808,3888,965.299987792969,584.099975585938,0,NA,0,0,1781,"seivep.png","print","nwtl"
"704","11c.edf",4,2812,3891,964.5,585.299987792969,0,NA,0,0,1781,"seivep.png","print","nwtl"
"705","11c.edf",4,2816,3894,963,586.299987792969,0,NA,0,0,1781,"seivep.png","print","nwtl"
"706","11c.edf",4,2820,3894,964.299987792969,586.799987792969,0,NA,0,0,1781,"seivep.png","print","nwtl"
"707","11c.edf",4,2824,3893,963.400024414062,588.299987792969,0,NA,0,0,1781,"seivep.png","print","nwtl"
"708","11c.edf",4,2828,3894,960.799987792969,588.400024414062,0,NA,0,0,1781,"seivep.png","print","nwtl"
"709","11c.edf",4,2832,3895,960.5,587.299987792969,0,NA,0,0,1781,"seivep.png","print","nwtl"
"710","11c.edf",4,2836,3901,962.200012207031,587.900024414062,0,NA,0,0,1781,"seivep.png","print","nwtl"
"711","11c.edf",4,2840,3900,965.900024414062,586.700012207031,0,NA,0,0,1781,"seivep.png","print","nwtl"
"712","11c.edf",4,2844,3901,963.099975585938,587.5,0,NA,0,0,1781,"seivep.png","print","nwtl"
"713","11c.edf",4,2848,3902,965,589,0,NA,0,0,1781,"seivep.png","print","nwtl"
"714","11c.edf",4,2852,3901,965.700012207031,588.900024414062,0,NA,0,0,1781,"seivep.png","print","nwtl"
"715","11c.edf",4,2856,3903,963,586.099975585938,0,NA,0,0,1781,"seivep.png","print","nwtl"
"716","11c.edf",4,2860,3904,964.799987792969,585,0,NA,0,0,1781,"seivep.png","print","nwtl"
"717","11c.edf",4,2864,3906,966.599975585938,584.5,0,NA,0,0,1781,"seivep.png","print","nwtl"
"718","11c.edf",4,2868,3906,966.799987792969,587.599975585938,0,NA,0,0,1781,"seivep.png","print","nwtl"
"719","11c.edf",4,2872,3914,969.799987792969,590.700012207031,0,NA,0,0,1781,"seivep.png","print","nwtl"
"720","11c.edf",4,2876,3916,970.299987792969,589.700012207031,0,NA,0,0,1781,"seivep.png","print","nwtl"
"721","11c.edf",4,2880,3911,968.5,591.400024414062,0,NA,0,0,1781,"seivep.png","print","nwtl"
"722","11c.edf",4,2884,3908,969.5,590.200012207031,0,NA,0,0,1781,"seivep.png","print","nwtl"
"723","11c.edf",4,2888,3917,972.400024414062,590.299987792969,0,NA,0,0,1781,"seivep.png","print","nwtl"
"724","11c.edf",4,2892,3921,972.099975585938,589.200012207031,0,NA,0,0,1781,"seivep.png","print","nwtl"
"725","11c.edf",4,2896,3920,971.200012207031,590,0,NA,0,0,1781,"seivep.png","print","nwtl"
"726","11c.edf",4,2900,3920,971.299987792969,592.099975585938,0,NA,0,0,1781,"seivep.png","print","nwtl"
"727","11c.edf",4,2904,3924,971.799987792969,593.200012207031,0,NA,0,0,1781,"seivep.png","print","nwtl"
"728","11c.edf",4,2908,3918,974.599975585938,590,0,NA,0,0,1781,"seivep.png","print","nwtl"
"729","11c.edf",4,2912,3923,987.299987792969,588.5,0,NA,0,0,1781,"seivep.png","print","nwtl"
"730","11c.edf",4,2916,3926,1015,586.5,0,NA,0,0,1781,"seivep.png","print","nwtl"
"731","11c.edf",4,2920,3928,1040.09997558594,586.900024414062,0,NA,0,0,1781,"seivep.png","print","nwtl"
"732","11c.edf",4,2924,3931,1036.09997558594,582.200012207031,0,NA,0,0,1781,"seivep.png","print","nwtl"
"733","11c.edf",4,2928,3931,1017.29998779297,573.799987792969,0,NA,0,0,1781,"seivep.png","print","nwtl"
"734","11c.edf",4,2932,3932,1011.70001220703,567.099975585938,0,NA,0,0,1781,"seivep.png","print","nwtl"
"735","11c.edf",4,2936,3934,1018.20001220703,568.099975585938,0,NA,0,0,1781,"seivep.png","print","nwtl"
"736","11c.edf",4,2940,3932,1023.59997558594,575.200012207031,0,NA,0,0,1781,"seivep.png","print","nwtl"
"737","11c.edf",4,2944,3933,1024.59997558594,581.200012207031,0,NA,0,0,1781,"seivep.png","print","nwtl"
"738","11c.edf",4,2948,3936,1022.90002441406,579.5,0,NA,0,0,1781,"seivep.png","print","nwtl"
"739","11c.edf",4,2952,3942,1024.5,578.5,0,NA,0,0,1781,"seivep.png","print","nwtl"
"740","11c.edf",4,2956,3942,1024.69995117188,576.200012207031,0,NA,0,0,1781,"seivep.png","print","nwtl"
"741","11c.edf",4,2960,3941,1020.40002441406,575.099975585938,0,NA,0,0,1781,"seivep.png","print","nwtl"
"742","11c.edf",4,2964,3941,1019.79998779297,575.900024414062,0,NA,0,0,1781,"seivep.png","print","nwtl"
"743","11c.edf",4,2968,3947,1023.40002441406,578.299987792969,0,NA,0,0,1781,"seivep.png","print","nwtl"
"744","11c.edf",4,2972,3950,1024.40002441406,578.400024414062,0,NA,0,0,1781,"seivep.png","print","nwtl"
"745","11c.edf",4,2976,3951,1023.90002441406,575.599975585938,0,NA,0,0,1781,"seivep.png","print","nwtl"
"746","11c.edf",4,2980,3955,1023.70001220703,574.400024414062,0,NA,0,0,1781,"seivep.png","print","nwtl"
"747","11c.edf",4,2984,3961,1024.5,576,0,NA,0,0,1781,"seivep.png","print","nwtl"
"748","11c.edf",4,2988,3961,1024,578.5,0,NA,0,0,1781,"seivep.png","print","nwtl"
"749","11c.edf",4,2992,3959,1022.40002441406,575.599975585938,0,NA,0,0,1781,"seivep.png","print","nwtl"
"750","11c.edf",4,2996,3958,1019.09997558594,572.799987792969,0,NA,0,0,1781,"seivep.png","print","nwtl"
"751","11c.edf",4,3000,3963,1017.29998779297,574.200012207031,0,NA,0,0,1781,"seivep.png","print","nwtl"
"752","11c.edf",4,3004,3967,1018.29998779297,575.900024414062,0,NA,0,0,1781,"seivep.png","print","nwtl"
"753","11c.edf",4,3008,3976,1021.59997558594,574.400024414062,0,NA,0,0,1781,"seivep.png","print","nwtl"
"754","11c.edf",4,3012,3974,1022,576.900024414062,0,NA,0,0,1781,"seivep.png","print","nwtl"
"755","11c.edf",4,3016,3973,1017.70001220703,577.099975585938,0,NA,0,0,1781,"seivep.png","print","nwtl"
"756","11c.edf",4,3020,3981,1015.70001220703,575.599975585938,0,NA,0,0,1781,"seivep.png","print","nwtl"
"757","11c.edf",4,3024,3984,1018.70001220703,574.200012207031,0,NA,0,0,1781,"seivep.png","print","nwtl"
"758","11c.edf",4,3028,3984,1019.79998779297,576.700012207031,0,NA,0,0,1781,"seivep.png","print","nwtl"
"759","11c.edf",4,3032,3982,1020.29998779297,577.799987792969,0,NA,0,0,1781,"seivep.png","print","nwtl"
"760","11c.edf",4,3036,3983,1018.5,579.799987792969,0,NA,0,0,1781,"seivep.png","print","nwtl"
"761","11c.edf",4,3040,3986,1017.40002441406,579.5,0,NA,0,0,1781,"seivep.png","print","nwtl"
"762","11c.edf",4,3044,3992,1016.59997558594,577.900024414062,0,NA,0,0,1781,"seivep.png","print","nwtl"
"763","11c.edf",4,3048,3994,1015.79998779297,577.200012207031,0,NA,0,0,1781,"seivep.png","print","nwtl"
"764","11c.edf",4,3052,3996,1016.79998779297,575.900024414062,0,NA,0,0,1781,"seivep.png","print","nwtl"
"765","11c.edf",4,3056,4000,1017.79998779297,575.200012207031,0,NA,0,0,1781,"seivep.png","print","nwtl"
"766","11c.edf",4,3060,4006,1018,576,0,NA,0,0,1781,"seivep.png","print","nwtl"
"767","11c.edf",4,3064,4007,1017.29998779297,577,0,NA,0,0,1781,"seivep.png","print","nwtl"
"768","11c.edf",4,3068,4005,1017,578.099975585938,0,NA,0,0,1781,"seivep.png","print","nwtl"
"769","11c.edf",4,3072,4006,1017.40002441406,579.200012207031,0,NA,0,0,1781,"seivep.png","print","nwtl"
"770","11c.edf",4,3076,4005,1017.70001220703,579.799987792969,0,NA,0,0,1781,"seivep.png","print","nwtl"
"771","11c.edf",4,3080,4010,1017.40002441406,579.299987792969,0,NA,0,0,1781,"seivep.png","print","nwtl"
"772","11c.edf",4,3084,4018,1018.09997558594,578.700012207031,0,NA,0,0,1781,"seivep.png","print","nwtl"
"773","11c.edf",4,3088,4026,1017.59997558594,580.400024414062,0,NA,0,0,1781,"seivep.png","print","nwtl"
"774","11c.edf",4,3092,4028,1017.20001220703,582.299987792969,0,NA,0,0,1781,"seivep.png","print","nwtl"
"775","11c.edf",4,3096,4021,1015.59997558594,581.599975585938,0,NA,0,0,1781,"seivep.png","print","nwtl"
"776","11c.edf",4,3100,4031,1017.29998779297,579.900024414062,0,NA,0,0,1781,"seivep.png","print","nwtl"
"777","11c.edf",4,3104,4034,1017.40002441406,580.799987792969,0,NA,0,0,1781,"seivep.png","print","nwtl"
"778","11c.edf",4,3108,4032,1017.09997558594,582,0,NA,0,0,1781,"seivep.png","print","nwtl"
"779","11c.edf",4,3112,4031,1014.70001220703,581.700012207031,0,NA,0,0,1781,"seivep.png","print","nwtl"
"780","11c.edf",4,3116,4034,1015,578.299987792969,0,NA,0,0,1781,"seivep.png","print","nwtl"
"781","11c.edf",4,3120,4042,1014.40002441406,578.200012207031,0,NA,0,0,1781,"seivep.png","print","nwtl"
"782","11c.edf",4,3124,4045,1014.09997558594,579.099975585938,0,NA,0,0,1781,"seivep.png","print","nwtl"
